2017/7/17 9:00,15500,15615,15500,15575
2017/7/17 9:15,15575,15680,15520,15605
2017/7/17 9:30,15610,15685,15600,15615
2017/7/17 9:45,15615,15645,15450,15450
2017/7/17 10:00,15440,15505,15385,15495
2017/7/17 10:15,15490,15525,15480,15525
2017/7/17 10:30,15530,15535,15520,15530
2017/7/17 10:45,15530,15545,15515,15520
2017/7/17 11:00,15520,15565,15480,15555
2017/7/17 11:15,15560,15585,15505,15525
2017/7/17 11:30,15535,15570,15510,15565
2017/7/17 13:30,15570,15590,15570,15585
2017/7/17 13:45,15575,15620,15525,15540
2017/7/17 14:00,15530,15580,15525,15560
2017/7/17 14:15,15565,15570,15505,15530
2017/7/17 14:30,15530,15535,15440,15505
2017/7/17 14:45,15505,15590,15480,15575
2017/7/17 14:59,15570,15575,15480,15505
2017/7/17 21:00,15490,15565,15490,15565
2017/7/17 21:15,15560,15655,15540,15620
2017/7/17 21:30,15615,15640,15575,15620
2017/7/17 21:45,15620,15670,15610,15655
2017/7/17 22:00,15655,15750,15655,15695
2017/7/17 22:15,15700,15725,15690,15700
2017/7/17 22:30,15700,15705,15635,15670
2017/7/17 22:45,15670,15720,15650,15700
2017/7/17 23:00,15700,15735,15655,15735
2017/7/18 9:00,15745,15750,15705,15740
2017/7/18 9:15,15735,15805,15700,15730
2017/7/18 9:30,15730,15735,15650,15700
2017/7/18 9:45,15700,15720,15650,15710
2017/7/18 10:00,15715,15725,15695,15705
2017/7/18 10:15,15705,15725,15650,15715
2017/7/18 10:30,15725,15750,15710,15735
2017/7/18 10:45,15740,15790,15725,15760
2017/7/18 11:00,15760,15810,15740,15755
2017/7/18 11:15,15755,15770,15695,15695
2017/7/18 11:30,15700,15725,15650,15655
2017/7/18 13:30,15665,15700,15660,15695
2017/7/18 13:45,15695,15720,15610,15625
2017/7/18 14:00,15620,15630,15475,15525
2017/7/18 14:15,15530,15565,15515,15540
2017/7/18 14:30,15540,15610,15535,15585
2017/7/18 14:45,15590,15650,15560,15590
2017/7/18 14:59,15590,15655,15585,15650
2017/7/18 21:00,15660,15675,15620,15620
2017/7/18 21:15,15625,15715,15625,15715
2017/7/18 21:30,15710,15715,15665,15685
2017/7/18 21:45,15680,15750,15670,15740
2017/7/18 22:00,15745,15765,15715,15725
2017/7/18 22:15,15720,15735,15685,15700
2017/7/18 22:30,15700,15700,15620,15675
2017/7/18 22:45,15675,15750,15675,15725
2017/7/18 22:59,15730,15750,15705,15740
2017/7/19 9:00,15750,15795,15750,15780
2017/7/19 9:15,15775,15795,15680,15725
2017/7/19 9:30,15725,15730,15675,15725
2017/7/19 9:45,15720,15735,15695,15710
2017/7/19 10:00,15715,15755,15665,15705
2017/7/19 10:14,15700,15715,15650,15710
2017/7/19 10:30,15705,15715,15700,15700
2017/7/19 10:45,15700,15730,15690,15720
2017/7/19 11:00,15720,15740,15680,15700
2017/7/19 11:15,15705,15720,15690,15710
2017/7/19 11:29,15705,15735,15695,15715
2017/7/19 13:30,15715,15720,15710,15720
2017/7/19 13:45,15725,15995,15720,15975
2017/7/19 14:00,15970,16060,15900,16050
2017/7/19 14:15,16045,16185,16045,16145
2017/7/19 14:30,16140,16280,16095,16265
2017/7/19 14:45,16260,16315,16200,16315
2017/7/19 14:59,16315,16465,16300,16445
2017/7/19 21:00,16470,16490,16425,16490
2017/7/19 21:15,16490,16515,16310,16435
2017/7/19 21:30,16435,16435,16320,16340
2017/7/19 21:45,16340,16395,16340,16365
2017/7/19 22:00,16370,16450,16365,16435
2017/7/19 22:15,16435,16440,16375,16380
2017/7/19 22:30,16385,16420,16360,16415
2017/7/19 22:45,16415,16435,16405,16435
2017/7/19 23:00,16440,16450,16350,16360
2017/7/20 9:00,16395,16430,16380,16405
2017/7/20 9:15,16405,16545,16400,16520
2017/7/20 9:30,16520,16535,16425,16455
2017/7/20 9:45,16450,16505,16440,16480
2017/7/20 10:00,16485,16485,16425,16450
2017/7/20 10:14,16450,16480,16435,16460
2017/7/20 10:30,16465,16480,16465,16480
2017/7/20 10:45,16480,16495,16460,16475
2017/7/20 11:00,16480,16495,16460,16485
2017/7/20 11:15,16485,16575,16455,16525
2017/7/20 11:30,16520,16685,16520,16670
2017/7/20 13:30,16675,16690,16635,16645
2017/7/20 13:45,16645,16665,16430,16490
2017/7/20 14:00,16490,16580,16485,16565
2017/7/20 14:15,16565,16600,16550,16555
2017/7/20 14:30,16555,16590,16430,16485
2017/7/20 14:45,16495,16550,16470,16550
2017/7/20 15:00,16545,16550,16400,16410
2017/7/20 21:00,16365,16450,16365,16445
2017/7/20 21:15,16440,16500,16375,16450
2017/7/20 21:30,16450,16455,16065,16190
2017/7/20 21:45,16190,16295,16170,16265
2017/7/20 22:00,16265,16275,16195,16225
2017/7/20 22:15,16230,16280,16225,16245
2017/7/20 22:30,16240,16260,16200,16255
2017/7/20 22:45,16255,16275,16205,16210
2017/7/20 23:00,16200,16260,16170,16180
2017/7/21 9:00,16155,16175,16110,16170
2017/7/21 9:15,16170,16235,16040,16130
2017/7/21 9:30,16130,16210,16130,16180
2017/7/21 9:45,16180,16230,16170,16210
2017/7/21 10:00,16210,16295,16205,16255
2017/7/21 10:15,16250,16340,16245,16340
2017/7/21 10:30,16340,16340,16305,16310
2017/7/21 10:45,16310,16325,16255,16275
2017/7/21 11:00,16270,16280,16190,16235
2017/7/21 11:15,16240,16285,16220,16285
2017/7/21 11:29,16285,16290,16225,16240
2017/7/21 13:30,16245,16260,16245,16255
2017/7/21 13:45,16255,16350,16250,16305
2017/7/21 14:00,16310,16435,16310,16415
2017/7/21 14:15,16410,16475,16400,16430
2017/7/21 14:30,16430,16445,16375,16385
2017/7/21 14:45,16380,16415,16320,16335
2017/7/21 15:00,16335,16365,16305,16330
2017/7/21 21:00,16275,16330,16275,16330
2017/7/21 21:15,16325,16350,16245,16305
2017/7/21 21:30,16305,16360,16285,16360
2017/7/21 21:45,16360,16360,16180,16265
2017/7/21 22:00,16265,16275,16155,16180
2017/7/21 22:15,16180,16210,16120,16210
2017/7/21 22:30,16210,16250,16185,16245
2017/7/21 22:45,16245,16255,16210,16215
2017/7/21 22:59,16210,16215,16155,16165
2017/7/24 9:00,16150,16150,15815,15975
2017/7/24 9:15,15975,16040,15855,15990
2017/7/24 9:30,15990,16035,15955,15995
2017/7/24 9:45,16000,16015,15955,16005
2017/7/24 10:00,16005,16055,15990,16015
2017/7/24 10:15,16015,16085,15990,16055
2017/7/24 10:30,16060,16065,16050,16055
2017/7/24 10:45,16055,16065,16010,16055
2017/7/24 11:00,16045,16145,16045,16115
2017/7/24 11:15,16115,16145,16080,16085
2017/7/24 11:30,16085,16110,16055,16090
2017/7/24 13:30,16090,16095,16075,16080
2017/7/24 13:45,16085,16140,16070,16115
2017/7/24 14:00,16115,16165,16100,16125
2017/7/24 14:15,16125,16125,16030,16070
2017/7/24 14:30,16070,16100,15980,15995
2017/7/24 14:45,15995,16035,15950,16025
2017/7/24 15:00,16025,16025,15885,15915
2017/7/24 21:00,15900,15975,15900,15970
2017/7/24 21:15,15970,16030,15940,15945
2017/7/24 21:30,15950,15970,15875,15970
2017/7/24 21:45,15970,15985,15945,15975
2017/7/24 22:00,15980,16010,15965,15995
2017/7/24 22:15,15990,16010,15975,15985
2017/7/24 22:30,15990,16000,15935,15940
2017/7/24 22:45,15945,15965,15910,15945
2017/7/24 23:00,15945,16085,15945,16060
2017/7/25 9:00,16100,16140,16100,16125
2017/7/25 9:15,16120,16145,16095,16100
2017/7/25 9:30,16100,16130,16095,16120
2017/7/25 9:45,16120,16195,16110,16120
2017/7/25 10:00,16125,16140,16105,16120
2017/7/25 10:15,16125,16195,16125,16185
2017/7/25 10:30,16180,16195,16175,16195
2017/7/25 10:45,16195,16270,16190,16260
2017/7/25 11:00,16260,16330,16235,16250
2017/7/25 11:15,16255,16300,16250,16285
2017/7/25 11:30,16290,16300,16225,16265
2017/7/25 13:30,16260,16270,16240,16250
2017/7/25 13:45,16245,16300,16240,16290
2017/7/25 14:00,16295,16295,16210,16210
2017/7/25 14:15,16210,16210,16100,16165
2017/7/25 14:30,16165,16175,16140,16165
2017/7/25 14:45,16160,16235,16160,16165
2017/7/25 15:00,16160,16200,16160,16170
2017/7/25 21:00,16220,16260,16220,16250
2017/7/25 21:15,16250,16430,16235,16395
2017/7/25 21:30,16395,16420,16360,16415
2017/7/25 21:45,16410,16425,16330,16345
2017/7/25 22:00,16350,16375,16320,16370
2017/7/25 22:15,16370,16405,16275,16305
2017/7/25 22:30,16305,16320,16250,16305
2017/7/25 22:45,16305,16335,16285,16300
2017/7/25 23:00,16300,16320,16270,16290
2017/7/26 9:00,16385,16430,16360,16400
2017/7/26 9:15,16400,16470,16365,16370
2017/7/26 9:30,16370,16380,16260,16335
2017/7/26 9:45,16340,16340,16060,16155
2017/7/26 10:00,16155,16215,16100,16165
2017/7/26 10:15,16165,16210,16150,16195
2017/7/26 10:30,16195,16195,16175,16175
2017/7/26 10:45,16175,16210,16140,16145
2017/7/26 11:00,16145,16245,16105,16215
2017/7/26 11:15,16215,16255,16185,16195
2017/7/26 11:30,16200,16245,16195,16230
2017/7/26 13:30,16230,16235,16215,16220
2017/7/26 13:45,16215,16335,16200,16315
2017/7/26 14:00,16320,16320,16015,16045
2017/7/26 14:15,16045,16160,16040,16095
2017/7/26 14:30,16100,16120,15930,15980
2017/7/26 14:45,15980,16035,15940,15950
2017/7/26 15:00,15950,16010,15895,15990
2017/7/26 21:00,15965,16005,15965,15965
2017/7/26 21:15,15970,16000,15835,15950
2017/7/26 21:30,15950,16025,15945,15985
2017/7/26 21:45,15980,16035,15965,15980
2017/7/26 22:00,15980,16010,15940,15980
2017/7/26 22:15,15980,15990,15905,15925
2017/7/26 22:30,15925,16065,15915,16045
2017/7/26 22:45,16040,16060,16005,16030
2017/7/26 23:00,16035,16075,15915,15920
2017/7/27 9:00,15940,15990,15885,15940
2017/7/27 9:15,15935,16005,15895,15965
2017/7/27 9:30,15965,16045,15955,16005
2017/7/27 9:45,16005,16110,15975,16080
2017/7/27 10:00,16080,16085,16035,16055
2017/7/27 10:15,16055,16080,15945,15950
2017/7/27 10:30,15945,15965,15945,15965
2017/7/27 10:45,15965,16015,15955,15975
2017/7/27 11:00,15980,16025,15935,15955
2017/7/27 11:15,15955,15995,15940,15975
2017/7/27 11:30,15970,16030,15955,15990
2017/7/27 13:30,15980,15980,15925,15945
2017/7/27 13:45,15940,16040,15925,16025
2017/7/27 14:00,16025,16040,15990,16035
2017/7/27 14:15,16030,16145,16025,16130
2017/7/27 14:30,16130,16135,16070,16100
2017/7/27 14:45,16105,16140,16055,16085
2017/7/27 15:00,16080,16125,16070,16115
2017/7/27 21:00,16105,16170,16105,16145
2017/7/27 21:15,16140,16185,16115,16155
2017/7/27 21:30,16155,16165,16090,16120
2017/7/27 21:45,16125,16185,16120,16150
2017/7/27 22:00,16150,16350,16140,16305
2017/7/27 22:15,16300,16340,16280,16310
2017/7/27 22:30,16310,16375,16290,16350
2017/7/27 22:45,16355,16360,16255,16275
2017/7/27 23:00,16275,16280,16080,16140
2017/7/28 9:00,16160,16180,16145,16150
2017/7/28 9:15,16145,16175,16030,16075
2017/7/28 9:30,16070,16105,16060,16095
2017/7/28 9:45,16095,16130,16090,16100
2017/7/28 10:00,16095,16135,16070,16130
2017/7/28 10:15,16130,16130,15970,15970
2017/7/28 10:30,15965,15965,15885,15900
2017/7/28 10:45,15900,15930,15850,15920
2017/7/28 11:00,15915,15945,15865,15875
2017/7/28 11:15,15875,15905,15315,15315
2017/7/28 11:30,15305,15490,15285,15380
2017/7/28 13:30,15365,15365,15160,15205
2017/7/28 13:45,15200,15230,14945,15060
2017/7/28 14:00,15060,15135,15030,15075
2017/7/28 14:15,15075,15145,15050,15125
2017/7/28 14:30,15125,15160,15075,15125
2017/7/28 14:45,15120,15140,15060,15075
2017/7/28 15:00,15075,15140,14980,15090
2017/7/28 21:00,15120,15220,15100,15180
2017/7/28 21:15,15175,15185,15105,15140
2017/7/28 21:30,15140,15170,15080,15085
2017/7/28 21:45,15090,15180,15060,15160
2017/7/28 22:00,15160,15180,15140,15165
2017/7/28 22:15,15165,15290,15150,15250
2017/7/28 22:30,15245,15250,15135,15160
2017/7/28 22:45,15160,15205,15150,15185
2017/7/28 23:00,15185,15230,15180,15195
2017/7/31 9:00,15230,15295,15230,15260
2017/7/31 9:15,15260,15330,15180,15305
2017/7/31 9:30,15310,15340,15235,15260
2017/7/31 9:45,15260,15270,15185,15250
2017/7/31 10:00,15255,15295,15245,15275
2017/7/31 10:14,15280,15285,15190,15260
2017/7/31 10:30,15260,15260,15245,15255
2017/7/31 10:45,15250,15285,15230,15265
2017/7/31 11:00,15265,15280,15220,15280
2017/7/31 11:15,15275,15345,15265,15310
2017/7/31 11:30,15310,15350,15275,15305
2017/7/31 13:30,15305,15325,15285,15300
2017/7/31 13:45,15300,15450,15170,15410
2017/7/31 14:00,15410,15420,15335,15390
2017/7/31 14:15,15385,15400,15355,15380
2017/7/31 14:30,15385,15385,15300,15320
2017/7/31 14:45,15320,15365,15310,15355
2017/7/31 15:00,15355,15405,15310,15325
2017/7/31 21:00,15295,15325,15270,15315
2017/7/31 21:15,15315,15315,15245,15295
2017/7/31 21:30,15295,15365,15290,15350
2017/7/31 21:45,15350,15370,15330,15340
2017/7/31 22:00,15340,15360,15305,15335
2017/7/31 22:15,15335,15360,15330,15355
2017/7/31 22:30,15355,15355,15305,15325
2017/7/31 22:45,15325,15340,15290,15300
2017/7/31 23:00,15300,15340,15295,15305
2017/8/1 9:00,15315,15340,15315,15330
2017/8/1 9:15,15325,15390,15275,15305
2017/8/1 9:30,15310,15325,15195,15290
2017/8/1 9:45,15285,15285,15220,15260
2017/8/1 10:00,15255,15300,15255,15285
2017/8/1 10:15,15280,15480,15280,15455
2017/8/1 10:30,15455,15470,15435,15450
2017/8/1 10:45,15445,15500,15405,15420
2017/8/1 11:00,15415,15455,15410,15420
2017/8/1 11:15,15420,15460,15420,15440
2017/8/1 11:29,15445,15445,15415,15425
2017/8/1 13:30,15430,15440,15360,15380
2017/8/1 13:45,15380,15430,15380,15415
2017/8/1 14:00,15415,15415,15340,15370
2017/8/1 14:15,15370,15400,15325,15330
2017/8/1 14:30,15330,15340,15225,15285
2017/8/1 14:45,15290,15305,15265,15275
2017/8/1 15:00,15280,15295,15245,15275
2017/8/1 21:00,15250,15285,15245,15285
2017/8/1 21:15,15285,15385,15270,15370
2017/8/1 21:30,15370,15375,15345,15360
2017/8/1 21:45,15355,15460,15355,15395
2017/8/1 22:00,15395,15415,15355,15375
2017/8/1 22:15,15375,15420,15375,15405
2017/8/1 22:30,15405,15405,15350,15355
2017/8/1 22:45,15360,15380,15290,15375
2017/8/1 23:00,15380,15415,15360,15365
2017/8/2 9:00,15345,15370,15340,15360
2017/8/2 9:15,15360,15390,15265,15305
2017/8/2 9:30,15305,15320,15025,15105
2017/8/2 9:45,15105,15260,15105,15190
2017/8/2 10:00,15190,15235,15180,15210
2017/8/2 10:15,15210,15230,15185,15195
2017/8/2 10:30,15190,15195,15170,15180
2017/8/2 10:45,15180,15210,15125,15170
2017/8/2 11:00,15170,15195,15130,15145
2017/8/2 11:15,15145,15355,15110,15295
2017/8/2 11:30,15295,15315,15265,15310
2017/8/2 13:30,15300,15300,15270,15290
2017/8/2 13:45,15285,15320,15240,15305
2017/8/2 14:00,15300,15305,15270,15270
2017/8/2 14:15,15275,15285,15230,15265
2017/8/2 14:30,15265,15265,15180,15245
2017/8/2 14:45,15245,15265,15220,15250
2017/8/2 15:00,15250,15270,15215,15235
2017/8/2 21:00,15225,15300,15225,15280
2017/8/2 21:15,15275,15345,15275,15310
2017/8/2 21:30,15310,15330,15280,15315
2017/8/2 21:45,15310,15340,15290,15295
2017/8/2 22:00,15295,15325,15285,15315
2017/8/2 22:15,15310,15320,15280,15290
2017/8/2 22:30,15290,15305,15255,15285
2017/8/2 22:45,15290,15300,15260,15280
2017/8/2 23:00,15285,15305,15230,15245
2017/8/3 9:00,15265,15305,15260,15300
2017/8/3 9:15,15305,15375,15250,15350
2017/8/3 9:30,15355,15355,15320,15325
2017/8/3 9:45,15325,15350,15285,15295
2017/8/3 10:00,15300,15300,15255,15285
2017/8/3 10:15,15280,15340,15200,15340
2017/8/3 10:30,15340,15395,15340,15385
2017/8/3 10:45,15380,15385,15315,15325
2017/8/3 11:00,15325,15340,15310,15330
2017/8/3 11:15,15330,15350,15325,15345
2017/8/3 11:30,15340,15355,15290,15300
2017/8/3 13:30,15300,15330,15295,15330
2017/8/3 13:45,15330,15335,15155,15210
2017/8/3 14:00,15215,15285,15215,15260
2017/8/3 14:15,15255,15270,15225,15235
2017/8/3 14:30,15240,15285,15210,15245
2017/8/3 14:45,15245,15275,15225,15235
2017/8/3 15:00,15240,15250,15200,15245
2017/8/3 21:00,15290,15320,15270,15275
2017/8/3 21:15,15275,15310,15240,15270
2017/8/3 21:30,15270,15280,15160,15230
2017/8/3 21:45,15230,15300,15190,15245
2017/8/3 22:00,15245,15265,15220,15220
2017/8/3 22:15,15220,15260,15205,15225
2017/8/3 22:30,15220,15260,15180,15250
2017/8/3 22:45,15250,15295,15185,15235
2017/8/3 23:00,15235,15250,15225,15245
2017/8/4 9:00,15260,15275,15235,15255
2017/8/4 9:15,15260,15310,15240,15265
2017/8/4 9:30,15265,15345,15250,15315
2017/8/4 9:45,15315,15555,15310,15510
2017/8/4 10:00,15510,15740,15510,15690
2017/8/4 10:15,15685,15870,15680,15810
2017/8/4 10:30,15810,15830,15810,15815
2017/8/4 10:45,15815,15820,15735,15775
2017/8/4 11:00,15770,15815,15755,15780
2017/8/4 11:15,15780,15790,15710,15755
2017/8/4 11:30,15755,15800,15715,15795
2017/8/4 13:30,15785,15815,15785,15805
2017/8/4 13:45,15810,15810,15770,15780
2017/8/4 14:00,15780,15795,15745,15775
2017/8/4 14:15,15775,15840,15760,15830
2017/8/4 14:30,15830,15835,15760,15770
2017/8/4 14:45,15775,15800,15750,15775
2017/8/4 15:00,15780,15790,15690,15705
2017/8/4 21:00,15710,15745,15705,15735
2017/8/4 21:15,15735,15795,15725,15750
2017/8/4 21:30,15750,15815,15705,15780
2017/8/4 21:45,15780,15830,15765,15780
2017/8/4 22:00,15780,15810,15775,15785
2017/8/4 22:15,15780,15810,15750,15790
2017/8/4 22:30,15790,15800,15715,15780
2017/8/4 22:45,15775,15780,15740,15755
2017/8/4 23:00,15760,15800,15745,15795
2017/8/7 9:00,15855,16040,15855,16040
2017/8/7 9:15,16040,16300,15725,15875
2017/8/7 9:30,15870,15950,15730,15930
2017/8/7 9:45,15930,15945,15875,15890
2017/8/7 10:00,15895,15905,15805,15845
2017/8/7 10:14,15850,15880,15825,15875
2017/8/7 10:30,15880,15905,15880,15900
2017/8/7 10:45,15900,15915,15875,15900
2017/8/7 11:00,15900,15975,15880,15930
2017/8/7 11:15,15930,16060,15925,16000
2017/8/7 11:30,16000,16120,15980,16080
2017/8/7 13:30,16090,16135,16085,16120
2017/8/7 13:45,16120,16170,16075,16135
2017/8/7 14:00,16130,16135,16020,16100
2017/8/7 14:15,16100,16130,16075,16100
2017/8/7 14:30,16105,16125,16075,16100
2017/8/7 14:45,16095,16170,16025,16080
2017/8/7 15:00,16075,16080,15955,16030
2017/8/7 21:00,16040,16085,16040,16085
2017/8/7 21:15,16080,16125,16030,16085
2017/8/7 21:30,16090,16130,16080,16085
2017/8/7 21:45,16085,16100,16050,16075
2017/8/7 22:00,16075,16170,16075,16140
2017/8/7 22:15,16135,16145,16065,16100
2017/8/7 22:30,16095,16125,16075,16120
2017/8/7 22:45,16120,16125,16075,16090
2017/8/7 23:00,16090,16130,16075,16105
2017/8/8 9:00,16145,16230,16145,16225
2017/8/8 9:15,16225,16225,16105,16150
2017/8/8 9:30,16150,16215,16150,16200
2017/8/8 9:45,16205,16235,16105,16120
2017/8/8 10:00,16125,16125,16025,16080
2017/8/8 10:14,16080,16090,16035,16055
2017/8/8 10:30,16040,16040,15820,15910
2017/8/8 10:45,15910,16080,15895,16055
2017/8/8 11:00,16055,16070,16020,16050
2017/8/8 11:15,16050,16065,15885,15945
2017/8/8 11:30,15945,15990,15840,15855
2017/8/8 13:30,15845,15910,15830,15890
2017/8/8 13:45,15890,15965,15885,15950
2017/8/8 14:00,15950,16020,15940,16010
2017/8/8 14:15,16010,16015,15970,15975
2017/8/8 14:30,15975,16105,15960,16050
2017/8/8 14:45,16045,16075,16010,16035
2017/8/8 15:00,16035,16075,16030,16070
2017/8/8 21:00,16090,16100,16070,16085
2017/8/8 21:15,16080,16125,16070,16085
2017/8/8 21:30,16080,16085,15990,16030
2017/8/8 21:45,16030,16090,16025,16080
2017/8/8 22:00,16080,16130,16065,16125
2017/8/8 22:15,16120,16195,16120,16170
2017/8/8 22:30,16165,16195,16155,16175
2017/8/8 22:45,16175,16450,16170,16360
2017/8/8 23:00,16360,16600,16360,16560
2017/8/9 9:00,16610,16745,16610,16690
2017/8/9 9:15,16685,16720,16505,16615
2017/8/9 9:30,16620,16620,16530,16560
2017/8/9 9:45,16560,16610,16530,16535
2017/8/9 10:00,16540,16590,16515,16570
2017/8/9 10:15,16565,16610,16550,16570
2017/8/9 10:30,16565,16575,16560,16575
2017/8/9 10:45,16575,16610,16555,16580
2017/8/9 11:00,16575,16575,16460,16540
2017/8/9 11:15,16540,16570,16525,16540
2017/8/9 11:29,16540,16625,16525,16615
2017/8/9 13:30,16595,16605,16580,16585
2017/8/9 13:45,16585,16635,16560,16575
2017/8/9 14:00,16575,16600,16540,16575
2017/8/9 14:15,16570,16620,16560,16585
2017/8/9 14:30,16580,16710,16575,16595
2017/8/9 14:45,16595,16665,16565,16630
2017/8/9 15:00,16630,16660,16580,16615
2017/8/9 21:00,16635,16635,16560,16605
2017/8/9 21:15,16600,16660,16555,16645
2017/8/9 21:30,16645,16725,16595,16620
2017/8/9 21:45,16620,16625,16525,16565
2017/8/9 22:00,16565,16590,16535,16575
2017/8/9 22:15,16575,16580,16525,16540
2017/8/9 22:30,16535,16555,16380,16535
2017/8/9 22:45,16530,16555,16420,16450
2017/8/9 23:00,16450,16485,16350,16475
2017/8/10 9:00,16475,16495,16450,16485
2017/8/10 9:15,16490,16515,16445,16485
2017/8/10 9:30,16490,16505,16440,16450
2017/8/10 9:45,16455,16480,16390,16480
2017/8/10 10:00,16480,16520,16465,16505
2017/8/10 10:15,16505,16520,16465,16490
2017/8/10 10:30,16490,16495,16465,16475
2017/8/10 10:45,16475,16505,16455,16495
2017/8/10 11:00,16495,16580,16475,16535
2017/8/10 11:15,16535,16580,16485,16515
2017/8/10 11:30,16515,16525,16330,16415
2017/8/10 13:30,16415,16460,16415,16435
2017/8/10 13:45,16435,16470,16405,16410
2017/8/10 14:00,16415,16440,16395,16415
2017/8/10 14:15,16410,16460,16405,16415
2017/8/10 14:30,16420,16495,16410,16480
2017/8/10 14:45,16480,16530,16470,16470
2017/8/10 15:00,16480,16505,16450,16460
2017/8/10 21:00,16435,16440,16405,16435
2017/8/10 21:15,16435,16555,16425,16540
2017/8/10 21:30,16540,16625,16420,16475
2017/8/10 21:45,16475,16485,16410,16470
2017/8/10 22:00,16470,16495,16440,16450
2017/8/10 22:15,16450,16475,16425,16445
2017/8/10 22:30,16450,16520,16445,16520
2017/8/10 22:45,16520,16550,16480,16500
2017/8/10 23:00,16500,16525,16435,16475
2017/8/11 9:00,16440,16470,16220,16290
2017/8/11 9:15,16300,16390,16030,16105
2017/8/11 9:30,16105,16145,15885,15980
2017/8/11 9:45,15985,16110,15970,16085
2017/8/11 10:00,16085,16090,16025,16040
2017/8/11 10:15,16035,16085,16010,16065
2017/8/11 10:30,16065,16070,16050,16055
2017/8/11 10:45,16055,16060,16005,16015
2017/8/11 11:00,16020,16025,15855,15955
2017/8/11 11:15,15955,16045,15950,16040
2017/8/11 11:30,16035,16035,15885,15935
2017/8/11 13:30,15935,15960,15930,15950
2017/8/11 13:45,15950,15965,15620,15740
2017/8/11 14:00,15740,15810,15730,15775
2017/8/11 14:15,15780,15870,15770,15820
2017/8/11 14:30,15820,15865,15755,15785
2017/8/11 14:45,15785,15825,15775,15785
2017/8/11 15:00,15790,15980,15770,15935
2017/8/11 21:00,15980,16000,15940,15965
2017/8/11 21:15,15960,15975,15905,15940
2017/8/11 21:30,15935,15955,15885,15930
2017/8/11 21:45,15930,15965,15900,15930
2017/8/11 22:00,15930,15965,15900,15925
2017/8/11 22:15,15925,15950,15910,15925
2017/8/11 22:30,15930,15940,15810,15900
2017/8/11 22:45,15900,15960,15895,15955
2017/8/11 23:00,15960,15975,15925,15930
2017/8/14 9:00,15900,15945,15890,15925
2017/8/14 9:15,15930,15975,15845,15920
2017/8/14 9:30,15925,16060,15920,16015
2017/8/14 9:45,16020,16040,15980,16005
2017/8/14 10:00,16005,16135,15990,16100
2017/8/14 10:15,16100,16110,16030,16035
2017/8/14 10:30,16035,16050,16020,16035
2017/8/14 10:45,16035,16090,16030,16090
2017/8/14 11:00,16090,16120,16040,16065
2017/8/14 11:15,16065,16095,16045,16060
2017/8/14 11:30,16060,16090,16045,16080
2017/8/14 13:30,16075,16110,16075,16110
2017/8/14 13:45,16110,16145,16080,16090
2017/8/14 14:00,16085,16095,16005,16015
2017/8/14 14:15,16010,16045,15960,15995
2017/8/14 14:30,15990,16045,15985,16025
2017/8/14 14:45,16025,16040,15945,15975
2017/8/14 15:00,15975,15990,15875,15920
2017/8/14 21:00,15905,15940,15905,15925
2017/8/14 21:15,15925,15980,15920,15960
2017/8/14 21:30,15960,16085,15960,16055
2017/8/14 21:45,16050,16060,16030,16035
2017/8/14 22:00,16030,16070,16030,16050
2017/8/14 22:15,16050,16065,15950,15965
2017/8/14 22:30,15965,15995,15965,15980
2017/8/14 22:45,15980,16010,15960,16000
2017/8/14 23:00,16000,16050,15980,15985
2017/8/15 9:00,15965,15990,15935,15950
2017/8/15 9:15,15945,15960,15665,15810
2017/8/15 9:30,15810,15830,15735,15800
2017/8/15 9:45,15795,15970,15785,15915
2017/8/15 10:00,15915,16030,15865,16010
2017/8/15 10:15,16010,16145,16000,16135
2017/8/15 10:30,16145,16185,16135,16140
2017/8/15 10:45,16135,16185,16090,16145
2017/8/15 11:00,16145,16185,16115,16150
2017/8/15 11:15,16150,16190,16115,16175
2017/8/15 11:30,16180,16310,16155,16295
2017/8/15 13:30,16295,16320,16290,16320
2017/8/15 13:45,16315,16320,16220,16270
2017/8/15 14:00,16275,16275,16170,16205
2017/8/15 14:15,16205,16235,16175,16185
2017/8/15 14:30,16185,16255,16180,16225
2017/8/15 14:45,16225,16230,16135,16170
2017/8/15 15:00,16170,16235,16165,16215
2017/8/15 21:00,16200,16250,16175,16250
2017/8/15 21:15,16250,16270,16160,16230
2017/8/15 21:30,16230,16235,16175,16200
2017/8/15 21:45,16200,16225,16160,16185
2017/8/15 22:00,16180,16225,16180,16225
2017/8/15 22:15,16225,16325,16210,16255
2017/8/15 22:30,16250,16270,16165,16210
2017/8/15 22:45,16210,16225,16145,16210
2017/8/15 23:00,16210,16250,16175,16225
2017/8/16 9:00,16200,16200,16155,16180
2017/8/16 9:15,16180,16220,16115,16175
2017/8/16 9:30,16170,16275,16140,16255
2017/8/16 9:45,16250,16290,16225,16240
2017/8/16 10:00,16240,16395,16240,16340
2017/8/16 10:15,16345,16345,16250,16275
2017/8/16 10:30,16275,16300,16275,16300
2017/8/16 10:45,16295,16320,16270,16300
2017/8/16 11:00,16300,16305,16255,16285
2017/8/16 11:15,16280,16325,16260,16300
2017/8/16 11:30,16295,16360,16290,16315
2017/8/16 13:30,16305,16340,16305,16325
2017/8/16 13:45,16325,16365,16315,16355
2017/8/16 14:00,16355,16370,16290,16315
2017/8/16 14:15,16315,16330,16280,16305
2017/8/16 14:30,16305,16315,16185,16215
2017/8/16 14:45,16215,16265,16205,16255
2017/8/16 15:00,16255,16275,16220,16265
2017/8/16 21:00,16315,16325,16295,16300
2017/8/16 21:15,16295,16480,16290,16425
2017/8/16 21:30,16425,16455,16395,16430
2017/8/16 21:45,16430,16495,16415,16445
2017/8/16 22:00,16445,16465,16420,16445
2017/8/16 22:15,16450,16525,16440,16485
2017/8/16 22:30,16480,16545,16470,16545
2017/8/16 22:45,16545,16545,16490,16535
2017/8/16 23:00,16535,16695,16525,16695
2017/8/17 9:00,16755,16855,16755,16785
2017/8/17 9:15,16780,16875,16715,16850
2017/8/17 9:30,16845,16990,16785,16810
2017/8/17 9:45,16815,16840,16730,16835
2017/8/17 10:00,16840,16860,16825,16855
2017/8/17 10:15,16855,16860,16790,16840
2017/8/17 10:30,16840,16840,16815,16830
2017/8/17 10:45,16830,16830,16785,16790
2017/8/17 11:00,16790,16830,16765,16815
2017/8/17 11:15,16820,16875,16810,16835
2017/8/17 11:30,16835,16875,16825,16865
2017/8/17 13:30,16855,16860,16830,16840
2017/8/17 13:45,16840,16840,16515,16595
2017/8/17 14:00,16595,16620,16320,16415
2017/8/17 14:15,16415,16450,16385,16450
2017/8/17 14:30,16450,16495,16415,16470
2017/8/17 14:45,16470,16515,16450,16515
2017/8/17 15:00,16520,16545,16415,16435
2017/8/17 21:00,16400,16445,16385,16440
2017/8/17 21:15,16435,16500,16425,16485
2017/8/17 21:30,16490,16515,16415,16420
2017/8/17 21:45,16425,16445,16355,16425
2017/8/17 22:00,16425,16455,16400,16445
2017/8/17 22:15,16445,16500,16415,16440
2017/8/17 22:30,16440,16475,16420,16450
2017/8/17 22:45,16450,16460,16385,16400
2017/8/17 23:00,16400,16435,16390,16420
2017/8/18 9:00,16395,16425,16360,16405
2017/8/18 9:15,16405,16405,16125,16240
2017/8/18 9:30,16245,16315,16245,16275
2017/8/18 9:45,16275,16300,16240,16290
2017/8/18 10:00,16295,16340,16290,16340
2017/8/18 10:15,16340,16465,16330,16455
2017/8/18 10:30,16450,16465,16440,16440
2017/8/18 10:45,16445,16485,16435,16455
2017/8/18 11:00,16455,16470,16440,16455
2017/8/18 11:15,16460,16505,16420,16450
2017/8/18 11:30,16450,16515,16440,16460
2017/8/18 13:30,16450,16465,16440,16445
2017/8/18 13:45,16450,16630,16445,16605
2017/8/18 14:00,16600,16660,16545,16545
2017/8/18 14:15,16555,16565,16475,16555
2017/8/18 14:30,16560,16590,16545,16575
2017/8/18 14:45,16580,16615,16530,16600
2017/8/18 15:00,16595,16620,16555,16580
2017/8/18 21:00,16580,16640,16580,16635
2017/8/18 21:15,16630,16740,16610,16670
2017/8/18 21:30,16670,16685,16360,16470
2017/8/18 21:45,16470,16490,16420,16470
2017/8/18 22:00,16470,16530,16460,16515
2017/8/18 22:15,16510,16620,16505,16610
2017/8/18 22:30,16615,16630,16520,16525
2017/8/18 22:45,16530,16585,16515,16535
2017/8/18 23:00,16535,16575,16460,16520
2017/8/21 9:00,16575,16680,16575,16645
2017/8/21 9:15,16650,16675,16560,16640
2017/8/21 9:30,16640,16720,16630,16665
2017/8/21 9:45,16670,16695,16545,16605
2017/8/21 10:00,16605,16680,16605,16650
2017/8/21 10:15,16650,16660,16615,16650
2017/8/21 10:30,16645,16655,16630,16635
2017/8/21 10:45,16640,16765,16445,16705
2017/8/21 11:00,16710,16710,16575,16635
2017/8/21 11:15,16635,16655,16525,16545
2017/8/21 11:30,16550,16630,16545,16615
2017/8/21 13:30,16620,16645,16615,16635
2017/8/21 13:45,16635,16690,16625,16645
2017/8/21 14:00,16645,16675,16600,16605
2017/8/21 14:15,16600,16675,16575,16655
2017/8/21 14:30,16655,16675,16610,16645
2017/8/21 14:45,16650,16670,16580,16590
2017/8/21 15:00,16590,16600,16530,16585
2017/8/21 21:00,16600,16600,16565,16570
2017/8/21 21:15,16570,16610,16500,16550
2017/8/21 21:30,16545,16655,16540,16615
2017/8/21 21:45,16615,16630,16585,16595
2017/8/21 22:00,16595,16600,16550,16595
2017/8/21 22:15,16595,16625,16565,16610
2017/8/21 22:30,16610,16630,16585,16595
2017/8/21 22:45,16600,16620,16570,16610
2017/8/21 23:00,16615,16625,16560,16560
2017/8/22 9:00,16560,16600,16560,16585
2017/8/22 9:15,16580,16655,16520,16565
2017/8/22 9:30,16565,16565,16355,16400
2017/8/22 9:45,16400,16435,16330,16425
2017/8/22 10:00,16430,16615,16425,16575
2017/8/22 10:15,16570,16605,16545,16590
2017/8/22 10:30,16590,16595,16580,16580
2017/8/22 10:45,16580,16635,16570,16590
2017/8/22 11:00,16590,16675,16580,16660
2017/8/22 11:15,16660,16790,16615,16650
2017/8/22 11:30,16645,16710,16620,16680
2017/8/22 13:30,16720,16730,16695,16700
2017/8/22 13:45,16700,16740,16670,16690
2017/8/22 14:00,16695,16705,16655,16660
2017/8/22 14:15,16660,16680,16635,16660
2017/8/22 14:30,16660,16685,16610,16625
2017/8/22 14:45,16625,16705,16625,16650
2017/8/22 15:00,16655,16710,16640,16700
2017/8/22 21:00,16710,16730,16670,16690
2017/8/22 21:15,16690,16690,16575,16625
2017/8/22 21:30,16625,16625,16520,16590
2017/8/22 21:45,16585,16645,16550,16625
2017/8/22 22:00,16625,16635,16565,16585
2017/8/22 22:15,16585,16600,16460,16560
2017/8/22 22:30,16560,16565,16510,16525
2017/8/22 22:45,16525,16540,16480,16515
2017/8/22 23:00,16515,16545,16390,16395
2017/8/23 9:00,16400,16450,16400,16425
2017/8/23 9:15,16425,16475,16385,16445
2017/8/23 9:30,16445,16530,16440,16480
2017/8/23 9:45,16475,16500,16435,16495
2017/8/23 10:00,16495,16500,16445,16450
2017/8/23 10:15,16450,16470,16390,16420
2017/8/23 10:30,16420,16435,16405,16425
2017/8/23 10:45,16425,16445,16300,16415
2017/8/23 11:00,16420,16440,16370,16375
2017/8/23 11:15,16375,16395,16265,16360
2017/8/23 11:30,16360,16470,16335,16450
2017/8/23 13:30,16445,16465,16440,16455
2017/8/23 13:45,16455,16510,16440,16485
2017/8/23 14:00,16480,16505,16455,16490
2017/8/23 14:15,16490,16530,16470,16500
2017/8/23 14:30,16500,16510,16475,16500
2017/8/23 14:45,16500,16550,16475,16505
2017/8/23 15:00,16505,16530,16465,16475
2017/8/23 21:00,16470,16490,16430,16470
2017/8/23 21:15,16470,16510,16435,16470
2017/8/23 21:30,16475,16525,16450,16500
2017/8/23 21:45,16495,16515,16485,16490
2017/8/23 22:00,16495,16520,16485,16495
2017/8/23 22:15,16490,16505,16460,16505
2017/8/23 22:30,16505,16620,16495,16550
2017/8/23 22:45,16550,16555,16405,16460
2017/8/23 23:00,16455,16505,16450,16460
2017/8/24 9:00,16480,16505,16465,16490
2017/8/24 9:15,16490,16530,16470,16500
2017/8/24 9:30,16505,16540,16495,16520
2017/8/24 9:45,16525,16540,16470,16490
2017/8/24 10:00,16490,16515,16465,16510
2017/8/24 10:14,16510,16535,16495,16520
2017/8/24 10:30,16520,16525,16505,16510
2017/8/24 10:45,16515,16520,16435,16475
2017/8/24 11:00,16475,16480,16400,16450
2017/8/24 11:15,16445,16455,16385,16420
2017/8/24 11:30,16415,16420,16315,16395
2017/8/24 13:30,16400,16420,16390,16410
2017/8/24 13:45,16415,16430,16395,16395
2017/8/24 14:00,16395,16570,16390,16555
2017/8/24 14:15,16550,16575,16520,16530
2017/8/24 14:30,16530,16540,16400,16425
2017/8/24 14:45,16425,16450,16405,16415
2017/8/24 15:00,16415,16440,16400,16420
2017/8/24 21:00,16410,16430,16360,16415
2017/8/24 21:15,16415,16515,16375,16500
2017/8/24 21:30,16500,16505,16470,16475
2017/8/24 21:45,16475,16490,16435,16485
2017/8/24 22:00,16485,16530,16475,16505
2017/8/24 22:15,16510,16510,16425,16455
2017/8/24 22:30,16455,16505,16450,16495
2017/8/24 22:45,16495,16500,16455,16490
2017/8/24 23:00,16490,16655,16490,16655
2017/8/25 9:00,16640,16690,16640,16690
2017/8/25 9:15,16690,16925,16600,16860
2017/8/25 9:30,16860,16885,16765,16840
2017/8/25 9:45,16840,16845,16660,16710
2017/8/25 10:00,16710,16750,16665,16735
2017/8/25 10:15,16735,16745,16645,16665
2017/8/25 10:30,16670,16695,16670,16680
2017/8/25 10:45,16685,16730,16680,16710
2017/8/25 11:00,16705,16770,16705,16745
2017/8/25 11:15,16755,16775,16740,16745
2017/8/25 11:30,16745,16770,16720,16755
2017/8/25 13:30,16765,16800,16765,16795
2017/8/25 13:45,16795,16850,16730,16825
2017/8/25 14:00,16825,16835,16770,16805
2017/8/25 14:15,16800,16805,16750,16800
2017/8/25 14:30,16800,16810,16720,16750
2017/8/25 14:45,16750,16820,16750,16785
2017/8/25 15:00,16785,16795,16690,16720
2017/8/25 21:00,16710,16750,16700,16745
2017/8/25 21:15,16740,16770,16715,16730
2017/8/25 21:30,16730,16795,16725,16745
2017/8/25 21:45,16745,16765,16655,16680
2017/8/25 22:00,16680,16680,16550,16640
2017/8/25 22:15,16640,16670,16630,16640
2017/8/25 22:30,16640,16655,16610,16645
2017/8/25 22:45,16640,16675,16625,16635
2017/8/25 23:00,16635,16655,16585,16590
2017/8/28 9:00,16545,16545,16400,16500
2017/8/28 9:15,16500,16545,16350,16510
2017/8/28 9:30,16510,16565,16495,16545
2017/8/28 9:45,16540,16565,16510,16555
2017/8/28 10:00,16550,16560,16495,16515
2017/8/28 10:15,16515,16550,16510,16545
2017/8/28 10:30,16545,16550,16520,16525
2017/8/28 10:45,16530,16590,16515,16580
2017/8/28 11:00,16580,16590,16555,16565
2017/8/28 11:15,16560,16595,16550,16560
2017/8/28 11:30,16565,16575,16520,16530
2017/8/28 13:30,16530,16550,16505,16535
2017/8/28 13:45,16535,16640,16530,16620
2017/8/28 14:00,16615,16665,16605,16650
2017/8/28 14:15,16650,16650,16600,16615
2017/8/28 14:30,16620,16690,16610,16630
2017/8/28 14:45,16630,16670,16615,16640
2017/8/28 15:00,16640,16645,16590,16645
2017/8/28 21:00,16645,16680,16630,16640
2017/8/28 21:15,16640,16720,16610,16630
2017/8/28 21:30,16630,16635,16565,16615
2017/8/28 21:45,16610,16615,16560,16595
2017/8/28 22:00,16600,16625,16580,16615
2017/8/28 22:15,16615,16620,16560,16565
2017/8/28 22:30,16555,16585,16540,16550
2017/8/28 22:45,16550,16565,16500,16535
2017/8/28 23:00,16535,16560,16485,16535
2017/8/29 9:00,16550,16570,16535,16560
2017/8/29 9:15,16560,16610,16535,16565
2017/8/29 9:30,16565,16585,16435,16450
2017/8/29 9:45,16450,16550,16445,16525
2017/8/29 10:00,16530,16545,16500,16535
2017/8/29 10:15,16530,16560,16505,16520
2017/8/29 10:30,16520,16525,16510,16520
2017/8/29 10:45,16520,16535,16465,16495
2017/8/29 11:00,16500,16505,16420,16470
2017/8/29 11:15,16475,16505,16445,16460
2017/8/29 11:30,16460,16475,16360,16375
2017/8/29 13:30,16350,16350,16305,16340
2017/8/29 13:45,16340,16370,16210,16285
2017/8/29 14:00,16285,16360,16275,16335
2017/8/29 14:15,16340,16505,16305,16445
2017/8/29 14:30,16450,16530,16435,16460
2017/8/29 14:45,16460,16490,16430,16445
2017/8/29 15:00,16445,16460,16400,16445
2017/8/29 21:00,16520,16520,16485,16495
2017/8/29 21:15,16490,16510,16425,16450
2017/8/29 21:30,16455,16470,16405,16410
2017/8/29 21:45,16410,16420,16370,16380
2017/8/29 22:00,16380,16415,16375,16400
2017/8/29 22:15,16395,16450,16380,16420
2017/8/29 22:30,16425,16445,16405,16410
2017/8/29 22:45,16405,16430,16345,16375
2017/8/29 23:00,16375,16385,16315,16330
2017/8/30 9:00,16345,16360,16320,16340
2017/8/30 9:15,16340,16360,16245,16330
2017/8/30 9:30,16335,16375,16290,16360
2017/8/30 9:45,16360,16405,16355,16375
2017/8/30 10:00,16375,16410,16345,16370
2017/8/30 10:15,16370,16420,16365,16415
2017/8/30 10:30,16415,16435,16410,16415
2017/8/30 10:45,16410,16450,16400,16420
2017/8/30 11:00,16420,16435,16390,16405
2017/8/30 11:15,16405,16405,16370,16380
2017/8/30 11:29,16380,16405,16325,16330
2017/8/30 13:30,16325,16350,16325,16340
2017/8/30 13:45,16340,16375,16335,16355
2017/8/30 14:00,16355,16425,16345,16400
2017/8/30 14:15,16400,16405,16345,16365
2017/8/30 14:30,16370,16405,16350,16400
2017/8/30 14:45,16400,16410,16335,16345
2017/8/30 14:59,16340,16405,16340,16395
2017/8/30 21:00,16365,16395,16215,16290
2017/8/30 21:15,16290,16395,16110,16265
2017/8/30 21:30,16270,16435,16265,16395
2017/8/30 21:45,16400,16450,16365,16395
2017/8/30 22:00,16395,16450,16375,16425
2017/8/30 22:15,16420,16480,16405,16470
2017/8/30 22:30,16470,16470,16435,16450
2017/8/30 22:45,16455,16465,16390,16405
2017/8/30 23:00,16405,16455,16395,16425
2017/8/31 9:00,16425,16450,16415,16425
2017/8/31 9:15,16425,16460,16380,16440
2017/8/31 9:30,16440,16500,16435,16475
2017/8/31 9:45,16475,16600,16450,16575
2017/8/31 10:00,16580,16655,16565,16630
2017/8/31 10:15,16635,16670,16615,16640
2017/8/31 10:30,16640,16655,16635,16650
2017/8/31 10:45,16645,16655,16605,16625
2017/8/31 11:00,16625,16695,16610,16675
2017/8/31 11:15,16670,16685,16635,16650
2017/8/31 11:29,16650,16670,16620,16645
2017/8/31 13:30,16650,16655,16635,16635
2017/8/31 13:45,16635,16645,16595,16615
2017/8/31 14:00,16615,16615,16565,16590
2017/8/31 14:15,16595,16610,16575,16600
2017/8/31 14:30,16600,16610,16545,16605
2017/8/31 14:45,16605,16635,16595,16620
2017/8/31 15:00,16615,16620,16530,16545
2017/8/31 21:00,16575,16605,16575,16580
2017/8/31 21:15,16580,16620,16555,16560
2017/8/31 21:30,16560,16600,16555,16595
2017/8/31 21:45,16590,16655,16590,16630
2017/8/31 22:00,16630,16635,16605,16610
2017/8/31 22:15,16610,16625,16575,16620
2017/8/31 22:30,16625,16630,16605,16615
2017/8/31 22:45,16615,16615,16575,16580
2017/8/31 23:00,16580,16595,16560,16565
2017/9/1 9:00,16580,16595,16570,16585
2017/9/1 9:15,16580,16670,16565,16645
2017/9/1 9:30,16640,16650,16620,16645
2017/9/1 9:45,16645,16720,16635,16675
2017/9/1 10:00,16675,16675,16535,16595
2017/9/1 10:15,16595,16625,16580,16610
2017/9/1 10:30,16615,16615,16610,16615
2017/9/1 10:45,16615,16635,16600,16600
2017/9/1 11:00,16600,16625,16570,16570
2017/9/1 11:15,16575,16625,16570,16610
2017/9/1 11:30,16610,16650,16600,16630
2017/9/1 13:30,16625,16650,16625,16645
2017/9/1 13:45,16650,16680,16590,16610
2017/9/1 14:00,16605,16665,16605,16645
2017/9/1 14:15,16645,16660,16620,16650
2017/9/1 14:30,16650,16670,16625,16645
2017/9/1 14:45,16645,16655,16620,16650
2017/9/1 15:00,16650,16655,16590,16620
2017/9/1 21:00,16615,16645,16615,16645
2017/9/1 21:15,16645,16765,16595,16720
2017/9/1 21:30,16720,16865,16695,16810
2017/9/1 21:45,16805,16845,16800,16810
2017/9/1 22:00,16810,16950,16805,16880
2017/9/1 22:15,16880,16900,16810,16875
2017/9/1 22:30,16880,17180,16875,17160
2017/9/1 22:45,17160,17240,17125,17230
2017/9/1 23:00,17230,17305,17115,17185
2017/9/4 9:00,17300,17410,17245,17395
2017/9/4 9:15,17390,17405,17200,17335
2017/9/4 9:30,17335,17365,17310,17360
2017/9/4 9:45,17355,17365,17275,17285
2017/9/4 10:00,17285,17295,17210,17270
2017/9/4 10:15,17275,17295,17250,17275
2017/9/4 10:30,17275,17275,17255,17255
2017/9/4 10:45,17260,17275,17240,17240
2017/9/4 11:00,17240,17245,17155,17195
2017/9/4 11:15,17195,17200,17070,17105
2017/9/4 11:30,17105,17210,17050,17195
2017/9/4 13:30,17205,17225,17195,17225
2017/9/4 13:45,17220,17235,17195,17210
2017/9/4 14:00,17210,17220,17160,17175
2017/9/4 14:15,17175,17205,17165,17180
2017/9/4 14:30,17180,17260,17175,17240
2017/9/4 14:45,17240,17250,17195,17205
2017/9/4 15:00,17205,17215,17130,17165
2017/9/4 21:00,17185,17195,17160,17180
2017/9/4 21:15,17175,17280,17175,17210
2017/9/4 21:30,17210,17260,17170,17245
2017/9/4 21:45,17245,17290,17235,17240
2017/9/4 22:00,17240,17265,17190,17220
2017/9/4 22:15,17215,17220,17165,17205
2017/9/4 22:30,17205,17215,17150,17155
2017/9/4 22:45,17155,17215,17155,17195
2017/9/4 23:00,17200,17215,17190,17195
2017/9/5 9:00,17215,17255,17215,17245
2017/9/5 9:15,17245,17420,17245,17395
2017/9/5 9:30,17395,17410,17315,17350
2017/9/5 9:45,17350,17385,17335,17340
2017/9/5 10:00,17345,17395,17330,17370
2017/9/5 10:15,17370,17375,17335,17355
2017/9/5 10:30,17345,17355,17340,17340
2017/9/5 10:45,17340,17350,17185,17215
2017/9/5 11:00,17215,17245,17160,17205
2017/9/5 11:15,17205,17265,17200,17260
2017/9/5 11:30,17255,17325,17250,17315
2017/9/5 13:30,17315,17320,17300,17305
2017/9/5 13:45,17305,17310,17260,17285
2017/9/5 14:00,17290,17320,17270,17310
2017/9/5 14:15,17310,17335,17265,17275
2017/9/5 14:30,17280,17325,17275,17315
2017/9/5 14:45,17310,17325,17265,17285
2017/9/5 15:00,17285,17345,17280,17335
2017/9/5 21:00,17500,17500,17415,17425
2017/9/5 21:15,17425,17465,17385,17415
2017/9/5 21:30,17415,17530,17415,17475
2017/9/5 21:45,17475,17500,17455,17465
2017/9/5 22:00,17465,17470,17310,17400
2017/9/5 22:15,17400,17420,17380,17410
2017/9/5 22:30,17410,17470,17390,17460
2017/9/5 22:45,17460,17465,17410,17420
2017/9/5 23:00,17415,17460,17360,17405
2017/9/6 9:00,17295,17295,17200,17225
2017/9/6 9:15,17295,17340,17270,17305
2017/9/6 9:30,17305,17355,17290,17310
2017/9/6 9:45,17305,17335,17290,17320
2017/9/6 10:00,17320,17335,17305,17330
2017/9/6 10:15,17335,17390,17330,17385
2017/9/6 10:30,17385,17395,17380,17395
2017/9/6 10:45,17390,17395,17355,17360
2017/9/6 11:00,17365,17430,17360,17410
2017/9/6 11:15,17405,17460,17405,17430
2017/9/6 11:30,17435,17725,17430,17700
2017/9/6 13:30,17715,17735,17680,17695
2017/9/6 13:45,17695,17840,17665,17785
2017/9/6 14:00,17785,17805,17755,17770
2017/9/6 14:15,17770,17795,17715,17750
2017/9/6 14:30,17750,17805,17745,17800
2017/9/6 14:45,17800,17800,17650,17655
2017/9/6 15:00,17660,17660,17550,17570
2017/9/6 21:00,17605,17610,17575,17595
2017/9/6 21:15,17595,17670,17520,17530
2017/9/6 21:30,17530,17665,17520,17625
2017/9/6 21:45,17625,17640,17600,17630
2017/9/6 22:00,17630,17660,17585,17600
2017/9/6 22:15,17600,17655,17600,17630
2017/9/6 22:30,17630,17725,17595,17695
2017/9/6 22:45,17690,17705,17560,17600
2017/9/6 23:00,17600,17615,17570,17590
2017/9/7 9:00,17650,17675,17635,17650
2017/9/7 9:15,17655,17665,17615,17635
2017/9/7 9:30,17635,17675,17610,17620
2017/9/7 9:45,17620,17620,17515,17530
2017/9/7 10:00,17535,17620,17535,17585
2017/9/7 10:15,17585,17595,17555,17565
2017/9/7 10:30,17555,17565,17545,17560
2017/9/7 10:45,17560,17560,17445,17485
2017/9/7 11:00,17485,17485,17360,17425
2017/9/7 11:15,17425,17475,17410,17440
2017/9/7 11:30,17445,17540,17445,17525
2017/9/7 13:30,17515,17515,17470,17480
2017/9/7 13:45,17480,17530,17470,17475
2017/9/7 14:00,17475,17490,17440,17445
2017/9/7 14:15,17450,17520,17445,17495
2017/9/7 14:30,17500,17505,17410,17450
2017/9/7 14:45,17445,17490,17400,17435
2017/9/7 15:00,17440,17495,17425,17490
2017/9/7 21:00,17495,17495,17465,17490
2017/9/7 21:15,17490,17520,17320,17365
2017/9/7 21:30,17365,17425,17355,17425
2017/9/7 21:45,17425,17425,17285,17295
2017/9/7 22:00,17300,17340,17245,17295
2017/9/7 22:15,17290,17320,17200,17210
2017/9/7 22:30,17210,17295,17210,17240
2017/9/7 22:45,17240,17325,17240,17320
2017/9/7 23:00,17320,17320,17185,17285
2017/9/8 9:15,17290,17320,17285,17300
2017/9/8 9:30,17300,17365,17280,17340
2017/9/8 9:45,17345,17345,17300,17300
2017/9/8 10:00,17300,17385,17295,17380
2017/9/8 10:15,17380,17450,17380,17395
2017/9/8 10:30,17395,17410,17385,17405
2017/9/8 10:45,17410,17410,17345,17360
2017/9/8 11:00,17360,17390,17345,17350
2017/9/8 11:15,17350,17375,17315,17365
2017/9/8 11:30,17370,17370,17190,17205
2017/9/8 13:30,17190,17190,17125,17160
2017/9/8 13:45,17160,17170,17050,17060
2017/9/8 14:00,17060,17100,17020,17050
2017/9/8 14:15,17050,17050,16510,16720
2017/9/8 14:30,16725,16800,16675,16750
2017/9/8 14:45,16750,16770,16670,16725
2017/9/8 15:00,16730,16775,16705,16760
2017/9/8 21:00,16800,16845,16785,16805
2017/9/8 21:15,16805,16815,16730,16800
2017/9/8 21:30,16800,16845,16795,16825
2017/9/8 21:45,16830,16840,16765,16820
2017/9/8 22:00,16820,16825,16770,16785
2017/9/8 22:15,16785,16820,16760,16795
2017/9/8 22:30,16790,16810,16765,16790
2017/9/8 22:45,16785,16795,16645,16670
2017/9/8 23:00,16670,16735,16500,16515
2017/9/11 9:00,16480,16510,16370,16420
2017/9/11 9:15,16415,16515,16320,16470
2017/9/11 9:30,16475,16545,16465,16485
2017/9/11 9:45,16490,16550,16475,16545
2017/9/11 10:00,16550,16585,16490,16505
2017/9/11 10:15,16505,16560,16445,16560
2017/9/11 10:30,16560,16595,16560,16580
2017/9/11 10:45,16575,16625,16545,16615
2017/9/11 11:00,16615,16670,16575,16615
2017/9/11 11:15,16615,16625,16565,16570
2017/9/11 11:30,16570,16660,16570,16630
2017/9/11 13:30,16655,16665,16620,16630
2017/9/11 13:45,16635,16660,16590,16615
2017/9/11 14:00,16615,16685,16600,16660
2017/9/11 14:15,16655,16660,16580,16605
2017/9/11 14:30,16605,16645,16590,16615
2017/9/11 14:45,16615,16725,16575,16720
2017/9/11 15:00,16720,16725,16655,16665
2017/9/11 21:00,16710,16725,16685,16725
2017/9/11 21:15,16725,16755,16690,16745
2017/9/11 21:30,16750,16785,16720,16770
2017/9/11 21:45,16775,16780,16730,16740
2017/9/11 22:00,16740,16745,16645,16650
2017/9/11 22:15,16655,16695,16630,16670
2017/9/11 22:30,16675,16700,16665,16670
2017/9/11 22:45,16675,16685,16620,16645
2017/9/11 23:00,16645,16750,16635,16745
2017/9/12 9:00,16770,16795,16770,16790
2017/9/12 9:15,16785,16815,16740,16755
2017/9/12 9:30,16750,16755,16725,16745
2017/9/12 9:45,16745,16760,16675,16690
2017/9/12 10:00,16695,16705,16665,16700
2017/9/12 10:15,16700,16715,16580,16615
2017/9/12 10:30,16615,16620,16600,16610
2017/9/12 10:45,16615,16705,16600,16700
2017/9/12 11:00,16700,16735,16670,16720
2017/9/12 11:15,16720,16745,16625,16660
2017/9/12 11:30,16655,16750,16645,16715
2017/9/12 13:30,16720,16730,16715,16730
2017/9/12 13:45,16725,16745,16700,16705
2017/9/12 14:00,16705,16715,16665,16680
2017/9/12 14:15,16680,16730,16670,16715
2017/9/12 14:30,16720,16765,16705,16720
2017/9/12 14:45,16715,16740,16675,16735
2017/9/12 15:00,16735,16750,16720,16750
2017/9/12 21:00,16705,16725,16705,16705
2017/9/12 21:15,16705,16740,16640,16720
2017/9/12 21:30,16725,16750,16690,16705
2017/9/12 21:45,16705,16865,16690,16840
2017/9/12 22:00,16840,16840,16770,16790
2017/9/12 22:15,16790,16845,16790,16845
2017/9/12 22:30,16840,16850,16780,16795
2017/9/12 22:45,16795,16810,16775,16790
2017/9/12 23:00,16795,16810,16715,16760
2017/9/13 9:00,16795,16835,16795,16805
2017/9/13 9:15,16805,16845,16780,16800
2017/9/13 9:30,16800,16855,16775,16850
2017/9/13 9:45,16850,16925,16830,16885
2017/9/13 10:00,16890,17055,16880,17005
2017/9/13 10:15,17010,17030,16920,16945
2017/9/13 10:30,16950,16955,16925,16925
2017/9/13 10:45,16920,16940,16870,16895
2017/9/13 11:00,16895,16900,16720,16785
2017/9/13 11:15,16785,16815,16780,16780
2017/9/13 11:30,16780,16815,16735,16740
2017/9/13 13:30,16760,16765,16725,16740
2017/9/13 13:45,16740,16790,16695,16760
2017/9/13 14:00,16760,16795,16750,16770
2017/9/13 14:15,16770,16810,16735,16780
2017/9/13 14:30,16780,16840,16770,16805
2017/9/13 14:45,16805,16810,16735,16770
2017/9/13 15:00,16765,16795,16730,16775
2017/9/13 21:00,16725,16730,16405,16615
2017/9/13 21:15,16615,16725,16615,16695
2017/9/13 21:30,16700,16705,16560,16615
2017/9/13 21:45,16615,16625,16465,16525
2017/9/13 22:00,16530,16575,16495,16540
2017/9/13 22:15,16535,16550,16505,16530
2017/9/13 22:30,16525,16585,16505,16575
2017/9/13 22:45,16575,16580,16545,16560
2017/9/13 23:00,16565,16655,16515,16630
2017/9/14 9:00,16620,16645,16620,16635
2017/9/14 9:15,16630,16685,16610,16655
2017/9/14 9:30,16655,16665,16635,16645
2017/9/14 9:45,16645,16740,16630,16710
2017/9/14 10:00,16705,16765,16685,16715
2017/9/14 10:15,16715,16745,16665,16740
2017/9/14 10:30,16740,16765,16735,16750
2017/9/14 10:45,16745,16760,16720,16735
2017/9/14 11:00,16735,16735,16690,16690
2017/9/14 11:15,16695,16700,16655,16670
2017/9/14 11:30,16670,16710,16655,16660
2017/9/14 13:30,16655,16655,16585,16590
2017/9/14 13:45,16585,16605,16485,16505
2017/9/14 14:00,16505,16550,16430,16440
2017/9/14 14:15,16445,16510,16415,16485
2017/9/14 14:30,16480,16525,16365,16500
2017/9/14 14:45,16495,16530,16460,16485
2017/9/14 15:00,16485,16505,16400,16420
2017/9/14 21:00,16450,16475,16420,16455
2017/9/14 21:15,16455,16490,16235,16375
2017/9/14 21:30,16370,16435,16360,16395
2017/9/14 21:45,16395,16425,16355,16385
2017/9/14 22:00,16385,16430,16355,16420
2017/9/14 22:15,16420,16435,16340,16360
2017/9/14 22:30,16360,16385,16325,16375
2017/9/14 22:45,16380,16395,16345,16360
2017/9/14 23:00,16360,16405,16315,16360
2017/9/15 9:00,16360,16390,16335,16390
2017/9/15 9:15,16385,16410,16275,16385
2017/9/15 9:30,16385,16425,16380,16400
2017/9/15 9:45,16400,16400,16345,16360
2017/9/15 10:00,16365,16370,16310,16350
2017/9/15 10:15,16350,16370,16325,16340
2017/9/15 10:30,16325,16335,16310,16320
2017/9/15 10:45,16320,16345,16005,16080
2017/9/15 11:00,16080,16145,16070,16100
2017/9/15 11:15,16100,16120,16035,16075
2017/9/15 11:30,16075,16090,15920,15945
2017/9/15 13:30,15930,15935,15865,15875
2017/9/15 13:45,15880,15945,15840,15925
2017/9/15 14:00,15925,15985,15890,15895
2017/9/15 14:15,15900,15940,15845,15865
2017/9/15 14:30,15870,15920,15820,15880
2017/9/15 14:45,15880,15890,15680,15725
2017/9/15 15:00,15720,15775,15690,15725
2017/9/15 21:00,15790,15790,15740,15760
2017/9/15 21:15,15760,15785,15680,15735
2017/9/15 21:30,15735,15780,15725,15760
2017/9/15 21:45,15760,15810,15745,15760
2017/9/15 22:00,15760,15775,15730,15750
2017/9/15 22:15,15745,15765,15740,15745
2017/9/15 22:30,15745,15750,15550,15585
2017/9/15 22:45,15580,15580,15275,15280
2017/9/15 23:00,15280,15335,15070,15080
2017/9/18 9:00,15215,15310,15215,15285
2017/9/18 9:15,15280,15340,15170,15290
2017/9/18 9:30,15295,15315,15240,15285
2017/9/18 9:45,15290,15340,15260,15275
2017/9/18 10:00,15275,15295,15200,15240
2017/9/18 10:15,15240,15265,15195,15250
2017/9/18 10:30,15250,15270,15250,15265
2017/9/18 10:45,15270,15335,15265,15315
2017/9/18 11:00,15315,15315,15280,15290
2017/9/18 11:15,15290,15290,15220,15235
2017/9/18 11:30,15235,15260,15105,15120
2017/9/18 13:30,15120,15150,15070,15115
2017/9/18 13:45,15110,15250,15060,15225
2017/9/18 14:00,15225,15265,15195,15205
2017/9/18 14:15,15200,15215,15160,15185
2017/9/18 14:30,15190,15250,15165,15245
2017/9/18 14:45,15250,15250,15140,15205
2017/9/18 15:00,15205,15235,15180,15210
2017/9/18 21:00,15220,15270,15210,15225
2017/9/18 21:15,15225,15285,15180,15255
2017/9/18 21:30,15260,15300,15245,15280
2017/9/18 21:45,15280,15280,15225,15240
2017/9/18 22:00,15245,15245,15145,15205
2017/9/18 22:15,15210,15210,15175,15195
2017/9/18 22:30,15190,15230,15165,15215
2017/9/18 22:45,15215,15230,15190,15205
2017/9/18 23:00,15205,15255,15200,15250
2017/9/19 9:00,15260,15265,15215,15230
2017/9/19 9:15,15230,15280,15215,15260
2017/9/19 9:30,15260,15265,15200,15225
2017/9/19 9:45,15225,15235,15190,15205
2017/9/19 10:00,15205,15230,15200,15220
2017/9/19 10:15,15225,15330,15220,15250
2017/9/19 10:30,15250,15260,15245,15250
2017/9/19 10:45,15255,15270,15230,15250
2017/9/19 11:00,15250,15255,15180,15240
2017/9/19 11:15,15240,15250,15220,15225
2017/9/19 11:29,15225,15255,15205,15245
2017/9/19 13:30,15220,15225,15200,15215
2017/9/19 13:45,15210,15235,15140,15190
2017/9/19 14:00,15195,15220,15185,15195
2017/9/19 14:15,15195,15225,15185,15205
2017/9/19 14:30,15210,15240,15115,15170
2017/9/19 14:45,15175,15180,15085,15125
2017/9/19 15:00,15125,15135,14905,14960
2017/9/19 21:00,15000,15000,14950,14970
2017/9/19 21:15,14970,14985,14780,14895
2017/9/19 21:30,14900,14915,14865,14890
2017/9/19 21:45,14890,14910,14865,14895
2017/9/19 22:00,14895,14955,14890,14915
2017/9/19 22:15,14915,14935,14900,14920
2017/9/19 22:30,14920,14935,14860,14880
2017/9/19 22:45,14875,14890,14785,14845
2017/9/19 23:00,14840,14965,14840,14940
2017/9/20 9:00,14980,15020,14970,14980
2017/9/20 9:15,14980,15075,14975,15020
2017/9/20 9:30,15020,15020,14975,15005
2017/9/20 9:45,15005,15020,14975,15000
2017/9/20 10:00,15000,15075,14995,15070
2017/9/20 10:15,15070,15070,15005,15010
2017/9/20 10:30,15010,15020,15010,15010
2017/9/20 10:45,15015,15025,14955,14975
2017/9/20 11:00,14975,15025,14970,15015
2017/9/20 11:15,15010,15025,14970,14995
2017/9/20 11:29,14995,15050,14990,15015
2017/9/20 13:30,15015,15020,15005,15015
2017/9/20 13:45,15020,15075,14995,15055
2017/9/20 14:00,15055,15110,15020,15100
2017/9/20 14:15,15100,15120,15080,15100
2017/9/20 14:30,15100,15170,15060,15155
2017/9/20 14:45,15155,15175,15115,15125
2017/9/20 15:00,15125,15130,15060,15085
2017/9/20 21:00,15120,15130,15105,15130
2017/9/20 21:15,15130,15190,15120,15170
2017/9/20 21:30,15170,15170,15100,15110
2017/9/20 21:45,15105,15135,15075,15115
2017/9/20 22:00,15115,15125,15090,15110
2017/9/20 22:15,15110,15120,15020,15050
2017/9/20 22:30,15050,15070,15015,15065
2017/9/20 22:45,15065,15090,15045,15050
2017/9/20 23:00,15050,15120,15030,15115
2017/9/21 9:00,15155,15155,15105,15125
2017/9/21 9:15,15125,15125,15030,15050
2017/9/21 9:30,15050,15050,14890,14965
2017/9/21 9:45,14960,15055,14940,14995
2017/9/21 10:00,14990,15020,14975,14985
2017/9/21 10:15,14985,15000,14840,14880
2017/9/21 10:30,14885,14885,14810,14820
2017/9/21 10:45,14820,14825,14680,14780
2017/9/21 11:00,14780,14815,14705,14705
2017/9/21 11:15,14700,14745,14590,14610
2017/9/21 11:30,14615,14720,14530,14675
2017/9/21 13:30,14670,14670,14635,14650
2017/9/21 13:45,14650,14655,14485,14505
2017/9/21 14:00,14505,14575,14465,14485
2017/9/21 14:15,14490,14570,14450,14520
2017/9/21 14:30,14515,14520,14445,14490
2017/9/21 14:45,14495,14590,14460,14475
2017/9/21 15:00,14475,14550,14465,14515
2017/9/21 21:00,14580,14580,14535,14540
2017/9/21 21:15,14535,14595,14480,14575
2017/9/21 21:30,14575,14615,14555,14605
2017/9/21 21:45,14610,14625,14535,14540
2017/9/21 22:00,14535,14600,14535,14590
2017/9/21 22:15,14595,14615,14560,14565
2017/9/21 22:30,14570,14585,14520,14545
2017/9/21 22:45,14540,14570,14505,14540
2017/9/21 22:59,14540,14570,14525,14560
2017/9/22 9:00,14510,14510,14375,14385
2017/9/22 9:15,14390,14635,14335,14595
2017/9/22 9:30,14595,14660,14580,14600
2017/9/22 9:45,14600,14620,14580,14585
2017/9/22 10:00,14585,14625,14560,14605
2017/9/22 10:15,14605,14620,14575,14600
2017/9/22 10:30,14600,14615,14600,14605
2017/9/22 10:45,14600,14620,14580,14595
2017/9/22 11:00,14595,14610,14525,14560
2017/9/22 11:15,14555,14565,14470,14500
2017/9/22 11:30,14500,14575,14470,14500
2017/9/22 13:30,14475,14495,14440,14485
2017/9/22 13:45,14485,14545,14480,14495
2017/9/22 14:00,14495,14535,14465,14525
2017/9/22 14:15,14525,14535,14420,14435
2017/9/22 14:30,14435,14535,14430,14515
2017/9/22 14:45,14515,14620,14505,14550
2017/9/22 15:00,14545,14595,14515,14565
2017/9/22 21:00,14685,14685,14615,14635
2017/9/22 21:15,14630,14640,14595,14620
2017/9/22 21:30,14615,14645,14575,14625
2017/9/22 21:45,14620,14645,14600,14620
2017/9/22 22:00,14625,14625,14590,14615
2017/9/22 22:15,14610,14615,14530,14540
2017/9/22 22:30,14540,14600,14530,14570
2017/9/22 22:45,14565,14580,14530,14550
2017/9/22 23:00,14550,14610,14550,14600
2017/9/25 9:00,14605,14630,14590,14625
2017/9/25 9:15,14620,14720,14620,14640
2017/9/25 9:30,14635,14655,14510,14550
2017/9/25 9:45,14550,14580,14490,14540
2017/9/25 10:00,14535,14535,14450,14510
2017/9/25 10:14,14510,14555,14500,14530
2017/9/25 10:30,14520,14535,14520,14535
2017/9/25 10:45,14530,14590,14520,14560
2017/9/25 11:00,14560,14575,14530,14545
2017/9/25 11:15,14545,14640,14530,14595
2017/9/25 11:30,14590,14600,14560,14590
2017/9/25 13:30,14600,14620,14585,14620
2017/9/25 13:45,14620,14630,14595,14615
2017/9/25 14:00,14615,14665,14595,14620
2017/9/25 14:15,14615,14625,14590,14610
2017/9/25 14:30,14605,14630,14600,14605
2017/9/25 14:45,14605,14610,14545,14580
2017/9/25 15:00,14580,14585,14550,14580
2017/9/25 21:00,14605,14620,14600,14605
2017/9/25 21:15,14605,14650,14595,14635
2017/9/25 21:30,14640,14640,14610,14625
2017/9/25 21:45,14625,14630,14595,14605
2017/9/25 22:00,14610,14630,14600,14625
2017/9/25 22:15,14625,14635,14610,14630
2017/9/25 22:30,14625,14630,14585,14590
2017/9/25 22:45,14595,14610,14535,14545
2017/9/25 23:00,14545,14570,14490,14570
2017/9/26 9:00,14605,14620,14585,14590
2017/9/26 9:15,14585,14620,14565,14575
2017/9/26 9:30,14575,14585,14540,14570
2017/9/26 9:45,14565,14740,14560,14690
2017/9/26 10:00,14690,14730,14655,14665
2017/9/26 10:15,14665,14810,14665,14800
2017/9/26 10:30,14800,14815,14790,14795
2017/9/26 10:45,14795,14795,14710,14720
2017/9/26 11:00,14715,14735,14675,14695
2017/9/26 11:15,14690,14700,14665,14665
2017/9/26 11:30,14665,14685,14595,14660
2017/9/26 13:30,14665,14670,14655,14670
2017/9/26 13:45,14670,14675,14645,14675
2017/9/26 14:00,14670,14685,14645,14660
2017/9/26 14:15,14660,14675,14630,14630
2017/9/26 14:30,14630,14640,14550,14590
2017/9/26 14:45,14590,14600,14565,14585
2017/9/26 15:00,14580,14630,14560,14625
2017/9/26 21:00,14570,14590,14525,14565
2017/9/26 21:15,14565,14620,14520,14590
2017/9/26 21:30,14590,14595,14545,14570
2017/9/26 21:45,14570,14610,14560,14600
2017/9/26 22:00,14600,14640,14590,14610
2017/9/26 22:15,14610,14610,14560,14570
2017/9/26 22:30,14575,14600,14550,14585
2017/9/26 22:45,14585,14600,14555,14570
2017/9/26 23:00,14570,14610,14555,14590
2017/9/27 9:00,14630,14640,14615,14620
2017/9/27 9:15,14620,14660,14600,14650
2017/9/27 9:30,14645,14680,14620,14670
2017/9/27 9:45,14675,14680,14635,14645
2017/9/27 10:00,14650,14660,14630,14655
2017/9/27 10:15,14655,14655,14615,14615
2017/9/27 10:30,14605,14615,14600,14615
2017/9/27 10:45,14615,14645,14585,14595
2017/9/27 11:00,14595,14625,14580,14610
2017/9/27 11:15,14610,14645,14610,14625
2017/9/27 11:30,14625,14655,14600,14650
2017/9/27 13:30,14670,14705,14670,14685
2017/9/27 13:45,14685,14730,14665,14695
2017/9/27 14:00,14700,14730,14685,14720
2017/9/27 14:15,14720,14725,14670,14680
2017/9/27 14:30,14680,14695,14645,14650
2017/9/27 14:45,14655,14675,14630,14675
2017/9/27 15:00,14675,14680,14640,14655
2017/9/27 21:00,14650,14670,14650,14665
2017/9/27 21:15,14670,14680,14630,14665
2017/9/27 21:30,14670,14670,14645,14660
2017/9/27 21:45,14655,14675,14640,14655
2017/9/27 22:00,14655,14655,14105,14150
2017/9/27 22:15,14140,14140,13915,13915
2017/9/27 22:30,13915,14015,13810,13980
2017/9/27 22:45,13975,13990,13865,13880
2017/9/27 23:00,13880,13915,13685,13695
2017/9/28 9:00,13790,13790,13670,13670
2017/9/28 9:15,13680,13700,13615,13620
2017/9/28 9:30,13615,13650,13605,13605
2017/9/28 9:45,13605,13605,13605,13605
2017/9/28 10:00,13605,13605,13605,13605
2017/9/28 10:14,13605,13605,13605,13605
2017/9/28 10:30,13605,13605,13605,13605
2017/9/28 10:45,13605,13605,13605,13605
2017/9/28 11:00,13605,13605,13605,13605
2017/9/28 11:15,13605,13605,13605,13605
2017/9/28 11:29,13605,13605,13605,13605
2017/9/28 13:30,13605,13605,13605,13605
2017/9/28 13:45,13605,13605,13605,13605
2017/9/28 14:00,13605,13605,13605,13605
2017/9/28 14:15,13605,13605,13605,13605
2017/9/28 14:30,13605,13605,13605,13605
2017/9/28 14:45,13605,13605,13605,13605
2017/9/28 14:59,13605,13605,13605,13605
2017/9/28 21:00,13500,13500,13365,13395
2017/9/28 21:15,13400,13460,13345,13390
2017/9/28 21:30,13390,13395,13175,13195
2017/9/28 21:45,13200,13225,12905,12995
2017/9/28 22:00,12995,13120,12985,13080
2017/9/28 22:15,13080,13110,12990,13080
2017/9/28 22:30,13085,13170,13040,13110
2017/9/28 22:45,13105,13115,13070,13110
2017/9/28 23:00,13105,13305,13090,13265
2017/9/29 9:00,13265,13285,13220,13230
2017/9/29 9:15,13230,13335,13230,13320
2017/9/29 9:30,13320,13340,13270,13285
2017/9/29 9:45,13285,13420,13280,13400
2017/9/29 10:00,13405,13405,13330,13375
2017/9/29 10:15,13375,13385,13305,13345
2017/9/29 10:30,13340,13345,13325,13340
2017/9/29 10:45,13335,13385,13335,13365
2017/9/29 11:00,13365,13470,13340,13430
2017/9/29 11:15,13430,13435,13375,13415
2017/9/29 11:30,13420,13435,13300,13345
2017/9/29 13:30,13350,13375,13340,13345
2017/9/29 13:45,13345,13355,13290,13325
2017/9/29 14:00,13330,13425,13325,13405
2017/9/29 14:15,13405,13405,13365,13390
2017/9/29 14:30,13390,13510,13375,13445
2017/9/29 14:45,13445,13525,13385,13515
2017/9/29 15:00,13515,13550,13470,13495
2017/10/9 9:00,13615,13645,13400,13415
2017/10/9 9:15,13420,13545,13260,13410
2017/10/9 9:30,13410,13425,13375,13410
2017/10/9 9:45,13405,13415,13295,13320
2017/10/9 10:00,13325,13420,13250,13345
2017/10/9 10:15,13345,13360,13220,13235
2017/10/9 10:30,13235,13285,13235,13245
2017/10/9 10:45,13245,13315,13235,13255
2017/10/9 11:00,13260,13320,13245,13300
2017/10/9 11:15,13300,13310,13235,13255
2017/10/9 11:30,13255,13270,13175,13230
2017/10/9 13:30,13235,13275,13230,13275
2017/10/9 13:45,13275,13345,13240,13320
2017/10/9 14:00,13315,13340,13270,13285
2017/10/9 14:15,13285,13300,13245,13255
2017/10/9 14:30,13255,13365,13255,13355
2017/10/9 14:45,13355,13355,13300,13315
2017/10/9 15:00,13315,13380,13285,13350
2017/10/9 21:00,13360,13390,13360,13375
2017/10/9 21:15,13370,13440,13325,13410
2017/10/9 21:30,13405,13425,13375,13410
2017/10/9 21:45,13410,13410,13365,13370
2017/10/9 22:00,13370,13370,13320,13350
2017/10/9 22:15,13350,13375,13345,13355
2017/10/9 22:30,13355,13360,13330,13350
2017/10/9 22:45,13350,13385,13345,13365
2017/10/9 23:00,13365,13400,13360,13365
2017/10/10 9:00,13360,13360,13315,13325
2017/10/10 9:15,13320,13440,13245,13400
2017/10/10 9:30,13395,13450,13385,13405
2017/10/10 9:45,13405,13410,13355,13365
2017/10/10 10:00,13370,13380,13340,13350
2017/10/10 10:14,13350,13385,13350,13365
2017/10/10 10:30,13370,13370,13360,13365
2017/10/10 10:45,13365,13400,13345,13350
2017/10/10 11:00,13345,13370,13325,13355
2017/10/10 11:15,13350,13365,13325,13330
2017/10/10 11:30,13330,13380,13310,13360
2017/10/10 13:30,13355,13360,13340,13350
2017/10/10 13:45,13345,13350,13225,13285
2017/10/10 14:00,13285,13300,13260,13290
2017/10/10 14:15,13290,13410,13280,13375
2017/10/10 14:30,13375,13385,13345,13360
2017/10/10 14:45,13360,13360,13290,13325
2017/10/10 15:00,13325,13340,13305,13315
2017/10/10 21:00,13320,13350,13315,13330
2017/10/10 21:15,13325,13335,13240,13280
2017/10/10 21:30,13285,13330,13270,13290
2017/10/10 21:45,13290,13300,13180,13255
2017/10/10 22:00,13255,13265,13035,13070
2017/10/10 22:15,13070,13110,12925,13085
2017/10/10 22:30,13080,13110,13050,13070
2017/10/10 22:45,13070,13070,13010,13070
2017/10/10 23:00,13075,13350,13060,13290
2017/10/11 9:00,13275,13310,13270,13275
2017/10/11 9:15,13270,13280,13210,13220
2017/10/11 9:30,13225,13295,13220,13275
2017/10/11 9:45,13275,13320,13260,13270
2017/10/11 10:00,13270,13475,13270,13400
2017/10/11 10:15,13400,13410,13360,13385
2017/10/11 10:30,13385,13390,13380,13390
2017/10/11 10:45,13385,13400,13350,13350
2017/10/11 11:00,13355,13360,13310,13335
2017/10/11 11:15,13335,13355,13325,13350
2017/10/11 11:30,13350,13400,13345,13395
2017/10/11 13:30,13400,13405,13390,13390
2017/10/11 13:45,13390,13390,13335,13350
2017/10/11 14:00,13350,13380,13325,13360
2017/10/11 14:15,13360,13370,13315,13335
2017/10/11 14:30,13330,13335,13255,13280
2017/10/11 14:45,13275,13290,13215,13230
2017/10/11 15:00,13230,13265,13215,13245
2017/10/11 21:00,13145,13145,13070,13140
2017/10/11 21:15,13145,13180,13055,13070
2017/10/11 21:30,13070,13235,13045,13180
2017/10/11 21:45,13185,13290,13175,13240
2017/10/11 22:00,13240,13240,13135,13135
2017/10/11 22:15,13135,13240,13135,13205
2017/10/11 22:30,13205,13240,13200,13225
2017/10/11 22:45,13230,13295,13215,13260
2017/10/11 23:00,13260,13265,13195,13225
2017/10/12 9:00,13245,13260,13230,13250
2017/10/12 9:15,13255,13315,13230,13265
2017/10/12 9:30,13270,13285,13250,13265
2017/10/12 9:45,13260,13270,13230,13240
2017/10/12 10:00,13245,13250,13215,13240
2017/10/12 10:15,13235,13240,13150,13155
2017/10/12 10:30,13145,13150,13115,13150
2017/10/12 10:45,13145,13215,13120,13135
2017/10/12 11:00,13135,13190,13130,13185
2017/10/12 11:15,13185,13260,13170,13255
2017/10/12 11:30,13250,13280,13230,13250
2017/10/12 13:30,13240,13245,13220,13220
2017/10/12 13:45,13220,13230,13170,13185
2017/10/12 14:00,13190,13210,13180,13195
2017/10/12 14:15,13190,13255,13175,13240
2017/10/12 14:30,13240,13345,13230,13330
2017/10/12 14:45,13325,13545,13305,13520
2017/10/12 15:00,13520,13525,13350,13375
2017/10/12 21:00,13420,13420,13380,13400
2017/10/12 21:15,13400,13445,13360,13425
2017/10/12 21:30,13425,13435,13385,13430
2017/10/12 21:45,13425,13430,13365,13370
2017/10/12 22:00,13365,13430,13365,13405
2017/10/12 22:15,13405,13520,13400,13470
2017/10/12 22:30,13475,13520,13460,13490
2017/10/12 22:45,13485,13490,13365,13420
2017/10/12 23:00,13415,13460,13410,13450
2017/10/13 9:00,13440,13470,13440,13465
2017/10/13 9:15,13445,13495,13430,13460
2017/10/13 9:30,13460,13465,13405,13420
2017/10/13 9:45,13420,13455,13400,13445
2017/10/13 10:00,13440,13615,13435,13560
2017/10/13 10:15,13555,13560,13420,13485
2017/10/13 10:30,13480,13490,13465,13485
2017/10/13 10:45,13485,13495,13455,13480
2017/10/13 11:00,13480,13520,13465,13500
2017/10/13 11:15,13500,13525,13470,13500
2017/10/13 11:30,13500,13540,13480,13515
2017/10/13 13:30,13545,13555,13520,13535
2017/10/13 13:45,13530,13680,13520,13590
2017/10/13 14:00,13595,13665,13525,13565
2017/10/13 14:15,13565,13620,13550,13600
2017/10/13 14:30,13595,13625,13575,13610
2017/10/13 14:45,13610,13650,13585,13610
2017/10/13 15:00,13610,13620,13550,13575
2017/10/13 21:00,13600,13610,13575,13605
2017/10/13 21:15,13610,13650,13575,13635
2017/10/13 21:30,13635,13745,13600,13720
2017/10/13 21:45,13720,13735,13640,13690
2017/10/13 22:00,13690,13730,13655,13705
2017/10/13 22:15,13710,13735,13690,13735
2017/10/13 22:30,13730,13780,13710,13725
2017/10/13 22:45,13725,13920,13725,13900
2017/10/13 23:00,13895,13895,13675,13705
2017/10/16 9:00,13735,13760,13720,13740
2017/10/16 9:15,13740,13745,13625,13650
2017/10/16 9:30,13650,13685,13570,13625
2017/10/16 9:45,13625,13630,13530,13580
2017/10/16 10:00,13580,13580,13410,13485
2017/10/16 10:15,13485,13495,13435,13465
2017/10/16 10:30,13470,13470,13455,13455
2017/10/16 10:45,13455,13530,13445,13530
2017/10/16 11:00,13530,13575,13500,13525
2017/10/16 11:15,13520,13545,13475,13530
2017/10/16 11:30,13530,13535,13450,13510
2017/10/16 13:30,13500,13500,13465,13475
2017/10/16 13:45,13475,13555,13465,13530
2017/10/16 14:00,13530,13535,13485,13510
2017/10/16 14:15,13505,13570,13505,13520
2017/10/16 14:30,13520,13550,13510,13530
2017/10/16 14:45,13530,13610,13510,13595
2017/10/16 15:00,13590,13630,13565,13580
2017/10/16 21:00,13575,13595,13575,13590
2017/10/16 21:15,13590,13610,13525,13590
2017/10/16 21:30,13595,13620,13550,13620
2017/10/16 21:45,13620,13650,13590,13615
2017/10/16 22:00,13615,13645,13580,13595
2017/10/16 22:15,13590,13610,13560,13565
2017/10/16 22:30,13565,13595,13545,13585
2017/10/16 22:45,13590,13620,13470,13480
2017/10/16 23:00,13470,13510,13230,13315
2017/10/17 9:00,13300,13305,13265,13285
2017/10/17 9:15,13280,13355,13265,13270
2017/10/17 9:30,13275,13380,13185,13350
2017/10/17 9:45,13350,13365,13320,13325
2017/10/17 10:00,13330,13335,13290,13300
2017/10/17 10:15,13300,13335,13300,13315
2017/10/17 10:30,13305,13310,13290,13305
2017/10/17 10:45,13305,13330,13265,13275
2017/10/17 11:00,13275,13330,13270,13325
2017/10/17 11:15,13325,13600,13315,13535
2017/10/17 11:30,13535,13550,13495,13545
2017/10/17 13:30,13540,13570,13525,13530
2017/10/17 13:45,13525,13665,13525,13635
2017/10/17 14:00,13635,13640,13470,13510
2017/10/17 14:15,13510,13520,13455,13475
2017/10/17 14:30,13475,13495,13430,13450
2017/10/17 14:45,13455,13545,13435,13530
2017/10/17 15:00,13530,13550,13510,13530
2017/10/17 21:00,13520,13565,13520,13540
2017/10/17 21:15,13545,13635,13540,13590
2017/10/17 21:30,13590,13715,13585,13655
2017/10/17 21:45,13660,13685,13610,13630
2017/10/17 22:00,13635,13650,13615,13645
2017/10/17 22:15,13645,13670,13550,13580
2017/10/17 22:30,13580,13630,13525,13540
2017/10/17 22:45,13545,13555,13485,13525
2017/10/17 23:00,13530,13580,13475,13565
2017/10/18 9:00,13555,13590,13550,13575
2017/10/18 9:15,13575,13625,13570,13615
2017/10/18 9:30,13615,13655,13600,13615
2017/10/18 9:45,13615,13645,13590,13625
2017/10/18 10:00,13625,13635,13590,13620
2017/10/18 10:15,13620,13710,13605,13660
2017/10/18 10:30,13660,13670,13660,13670
2017/10/18 10:45,13665,13675,13625,13650
2017/10/18 11:00,13650,13655,13555,13605
2017/10/18 11:15,13605,13615,13565,13595
2017/10/18 11:30,13595,13605,13575,13600
2017/10/18 13:30,13600,13635,13600,13630
2017/10/18 13:45,13630,13635,13575,13590
2017/10/18 14:00,13590,13620,13535,13570
2017/10/18 14:15,13570,13625,13550,13605
2017/10/18 14:30,13605,13650,13570,13625
2017/10/18 14:45,13625,13645,13585,13585
2017/10/18 15:00,13585,13620,13565,13570
2017/10/18 21:00,13600,13615,13590,13610
2017/10/18 21:15,13610,13630,13355,13425
2017/10/18 21:30,13430,13455,13330,13365
2017/10/18 21:45,13365,13730,13345,13665
2017/10/18 22:00,13660,13665,13600,13630
2017/10/18 22:15,13630,13640,13570,13590
2017/10/18 22:30,13590,13630,13585,13610
2017/10/18 22:45,13615,13640,13560,13600
2017/10/18 23:00,13605,13615,13545,13600
2017/10/19 9:00,13585,13610,13585,13595
2017/10/19 9:15,13590,13665,13570,13630
2017/10/19 9:30,13625,13685,13615,13665
2017/10/19 9:45,13670,13735,13610,13670
2017/10/19 10:00,13670,13780,13670,13735
2017/10/19 10:15,13735,13735,13620,13675
2017/10/19 10:30,13675,13685,13665,13665
2017/10/19 10:45,13670,13715,13645,13675
2017/10/19 11:00,13675,13725,13665,13680
2017/10/19 11:15,13680,13740,13680,13720
2017/10/19 11:29,13715,13725,13685,13705
2017/10/19 13:30,13710,13710,13695,13695
2017/10/19 13:45,13695,13715,13650,13690
2017/10/19 14:00,13690,13695,13630,13640
2017/10/19 14:15,13640,13650,13490,13535
2017/10/19 14:30,13535,13555,13470,13500
2017/10/19 14:45,13500,13505,13370,13400
2017/10/19 15:00,13400,13450,13350,13365
2017/10/19 21:00,13355,13355,13220,13300
2017/10/19 21:15,13300,13435,13285,13435
2017/10/19 21:30,13440,13445,13385,13415
2017/10/19 21:45,13415,13460,13390,13400
2017/10/19 22:00,13400,13445,13390,13405
2017/10/19 22:15,13405,13435,13395,13410
2017/10/19 22:30,13410,13490,13355,13465
2017/10/19 22:45,13465,13495,13435,13470
2017/10/19 23:00,13470,13495,13415,13450
2017/10/20 9:00,13450,13460,13435,13450
2017/10/20 9:15,13450,13485,13420,13445
2017/10/20 9:30,13445,13445,13390,13390
2017/10/20 9:45,13390,13410,13365,13385
2017/10/20 10:00,13385,13475,13375,13450
2017/10/20 10:14,13450,13530,13435,13480
2017/10/20 10:30,13480,13490,13480,13490
2017/10/20 10:45,13490,13520,13480,13515
2017/10/20 11:00,13515,13575,13495,13545
2017/10/20 11:15,13545,13650,13520,13620
2017/10/20 11:30,13615,13705,13590,13695
2017/10/20 13:30,13695,13720,13690,13705
2017/10/20 13:45,13705,13745,13675,13720
2017/10/20 14:00,13725,13795,13690,13705
2017/10/20 14:15,13705,13715,13665,13695
2017/10/20 14:30,13695,13710,13650,13695
2017/10/20 14:45,13690,13750,13675,13720
2017/10/20 15:00,13720,13760,13675,13700
2017/10/20 21:00,13700,13720,13680,13715
2017/10/20 21:15,13710,13815,13655,13695
2017/10/20 21:30,13695,13695,13595,13635
2017/10/20 21:45,13630,13640,13575,13590
2017/10/20 22:00,13585,13620,13550,13600
2017/10/20 22:15,13605,13615,13575,13600
2017/10/20 22:30,13595,13600,13450,13480
2017/10/20 22:45,13480,13515,13460,13490
2017/10/20 23:00,13490,13495,13320,13320
2017/10/23 9:00,13395,13475,13360,13445
2017/10/23 9:15,13445,13525,13415,13505
2017/10/23 9:30,13505,13575,13480,13555
2017/10/23 9:45,13550,13555,13490,13495
2017/10/23 10:00,13490,13495,13440,13450
2017/10/23 10:14,13445,13480,13425,13470
2017/10/23 10:30,13465,13470,13455,13465
2017/10/23 10:45,13465,13475,13420,13440
2017/10/23 11:00,13440,13505,13425,13495
2017/10/23 11:15,13500,13505,13455,13465
2017/10/23 11:30,13465,13475,13445,13455
2017/10/23 13:30,13460,13475,13460,13470
2017/10/23 13:45,13465,13525,13460,13520
2017/10/23 14:00,13515,13555,13455,13455
2017/10/23 14:15,13450,13480,13395,13410
2017/10/23 14:30,13410,13465,13405,13450
2017/10/23 14:45,13450,13530,13435,13485
2017/10/23 15:00,13480,13505,13465,13500
2017/10/23 21:00,13500,13515,13475,13510
2017/10/23 21:15,13515,13530,13420,13455
2017/10/23 21:30,13455,13605,13425,13570
2017/10/23 21:45,13570,13595,13525,13545
2017/10/23 22:00,13545,13560,13470,13500
2017/10/23 22:15,13500,13525,13485,13520
2017/10/23 22:30,13520,13520,13460,13500
2017/10/23 22:45,13500,13540,13485,13510
2017/10/23 23:00,13515,13515,13460,13475
2017/10/24 9:00,13485,13500,13470,13500
2017/10/24 9:15,13500,13550,13405,13520
2017/10/24 9:30,13520,13530,13485,13515
2017/10/24 9:45,13520,13550,13505,13510
2017/10/24 10:00,13510,13525,13485,13515
2017/10/24 10:15,13515,13565,13510,13530
2017/10/24 10:30,13530,13535,13530,13530
2017/10/24 10:45,13535,13570,13530,13545
2017/10/24 11:00,13545,13560,13520,13550
2017/10/24 11:15,13555,13625,13530,13540
2017/10/24 11:30,13545,13545,13450,13460
2017/10/24 13:30,13470,13480,13445,13475
2017/10/24 13:45,13475,13475,13370,13430
2017/10/24 14:00,13435,13465,13405,13450
2017/10/24 14:15,13455,13465,13440,13460
2017/10/24 14:30,13460,13485,13420,13420
2017/10/24 14:45,13420,13445,13395,13440
2017/10/24 15:00,13435,13450,13370,13425
2017/10/24 21:00,13440,13445,13395,13415
2017/10/24 21:15,13420,13495,13235,13470
2017/10/24 21:30,13475,13495,13435,13455
2017/10/24 21:45,13455,13480,13425,13435
2017/10/24 22:00,13430,13450,13420,13440
2017/10/24 22:15,13440,13475,13435,13460
2017/10/24 22:30,13455,13460,13435,13455
2017/10/24 22:45,13455,13455,13420,13440
2017/10/24 23:00,13435,13460,13430,13460
2017/10/25 9:00,13460,13485,13460,13480
2017/10/25 9:15,13480,13565,13460,13540
2017/10/25 9:30,13545,13560,13530,13555
2017/10/25 9:45,13560,13640,13535,13625
2017/10/25 10:00,13630,13650,13595,13625
2017/10/25 10:15,13625,13680,13610,13660
2017/10/25 10:30,13655,13680,13650,13655
2017/10/25 10:45,13655,13660,13615,13615
2017/10/25 11:00,13620,13635,13600,13630
2017/10/25 11:15,13630,13650,13555,13570
2017/10/25 11:30,13570,13580,13490,13505
2017/10/25 13:30,13510,13515,13490,13500
2017/10/25 13:45,13500,13520,13410,13425
2017/10/25 14:00,13425,13465,13415,13445
2017/10/25 14:15,13445,13520,13445,13490
2017/10/25 14:30,13495,13535,13485,13505
2017/10/25 14:45,13505,13545,13485,13530
2017/10/25 15:00,13525,13540,13510,13535
2017/10/25 21:00,13535,13545,13520,13545
2017/10/25 21:15,13545,13570,13510,13565
2017/10/25 21:30,13565,13570,13475,13490
2017/10/25 21:45,13485,13515,13465,13505
2017/10/25 22:00,13505,13540,13490,13515
2017/10/25 22:15,13510,13520,13480,13480
2017/10/25 22:30,13480,13525,13480,13500
2017/10/25 22:45,13500,13520,13470,13500
2017/10/25 23:00,13500,13520,13490,13495
2017/10/26 9:00,13510,13520,13500,13515
2017/10/26 9:15,13515,13600,13505,13550
2017/10/26 9:30,13545,13585,13535,13580
2017/10/26 9:45,13580,13590,13535,13555
2017/10/26 10:00,13555,13565,13340,13370
2017/10/26 10:15,13365,13560,13360,13530
2017/10/26 10:30,13530,13540,13525,13535
2017/10/26 10:45,13525,13535,13505,13515
2017/10/26 11:00,13515,13570,13510,13560
2017/10/26 11:15,13560,13575,13545,13560
2017/10/26 11:30,13565,13610,13550,13595
2017/10/26 13:30,13600,13645,13600,13630
2017/10/26 13:45,13635,13640,13545,13550
2017/10/26 14:00,13550,13565,13510,13545
2017/10/26 14:15,13545,13565,13530,13545
2017/10/26 14:30,13545,13560,13515,13550
2017/10/26 14:45,13550,13555,13520,13545
2017/10/26 15:00,13540,13560,13520,13555
2017/10/26 21:00,13570,13585,13555,13560
2017/10/26 21:15,13560,13565,13480,13550
2017/10/26 21:30,13550,13580,13510,13550
2017/10/26 21:45,13550,13560,13475,13535
2017/10/26 22:00,13535,13535,13485,13500
2017/10/26 22:15,13500,13540,13495,13525
2017/10/26 22:30,13520,13550,13520,13540
2017/10/26 22:45,13535,13570,13530,13550
2017/10/26 23:00,13550,13550,13500,13510
2017/10/27 9:00,13510,13530,13500,13530
2017/10/27 9:15,13525,13580,13525,13550
2017/10/27 9:30,13550,13610,13545,13575
2017/10/27 9:45,13580,13585,13550,13565
2017/10/27 10:00,13560,13565,13505,13535
2017/10/27 10:14,13535,13550,13520,13525
2017/10/27 10:30,13525,13525,13505,13515
2017/10/27 10:45,13515,13520,13480,13505
2017/10/27 11:00,13505,13525,13455,13480
2017/10/27 11:15,13480,13480,13400,13410
2017/10/27 11:30,13410,13485,13380,13400
2017/10/27 13:30,13380,13380,13320,13355
2017/10/27 13:45,13355,13405,13320,13370
2017/10/27 14:00,13365,13370,13285,13345
2017/10/27 14:15,13345,13350,13315,13340
2017/10/27 14:30,13340,13360,13290,13325
2017/10/27 14:45,13320,13330,13270,13285
2017/10/27 15:00,13290,13345,13130,13330
2017/10/27 21:00,13290,13325,13280,13315
2017/10/27 21:15,13315,13330,13245,13305
2017/10/27 21:30,13300,13340,13300,13315
2017/10/27 21:45,13315,13330,13310,13325
2017/10/27 22:00,13325,13380,13285,13350
2017/10/27 22:15,13355,13375,13335,13340
2017/10/27 22:30,13340,13350,13325,13340
2017/10/27 22:45,13340,13355,13330,13345
2017/10/27 23:00,13345,13355,13330,13335
2017/10/30 9:00,13355,13365,13335,13350
2017/10/30 9:15,13345,13405,13345,13355
2017/10/30 9:30,13355,13420,13305,13390
2017/10/30 9:45,13395,13395,13335,13340
2017/10/30 10:00,13345,13370,13325,13345
2017/10/30 10:15,13345,13360,13280,13295
2017/10/30 10:30,13300,13320,13295,13320
2017/10/30 10:45,13320,13345,13310,13315
2017/10/30 11:00,13315,13380,13305,13355
2017/10/30 11:15,13355,13375,13325,13365
2017/10/30 11:30,13365,13370,13350,13355
2017/10/30 13:30,13335,13345,13325,13325
2017/10/30 13:45,13325,13345,13270,13300
2017/10/30 14:00,13300,13335,13295,13305
2017/10/30 14:15,13305,13315,13245,13255
2017/10/30 14:30,13255,13325,13240,13290
2017/10/30 14:45,13285,13300,13260,13265
2017/10/30 15:00,13270,13305,13245,13285
2017/10/30 21:00,13300,13310,13290,13300
2017/10/30 21:15,13300,13320,13180,13250
2017/10/30 21:30,13250,13265,13160,13210
2017/10/30 21:45,13210,13305,13195,13275
2017/10/30 22:00,13275,13295,13260,13270
2017/10/30 22:15,13270,13315,13265,13285
2017/10/30 22:30,13285,13305,13260,13275
2017/10/30 22:45,13270,13290,13260,13280
2017/10/30 23:00,13275,13310,13250,13305
2017/10/31 9:00,13245,13265,13240,13255
2017/10/31 9:15,13255,13270,13215,13240
2017/10/31 9:30,13240,13335,13230,13305
2017/10/31 9:45,13305,13315,13290,13305
2017/10/31 10:00,13305,13355,13300,13320
2017/10/31 10:15,13325,13330,13305,13310
2017/10/31 10:30,13310,13315,13305,13310
2017/10/31 10:45,13305,13310,13250,13275
2017/10/31 11:00,13275,13290,13260,13280
2017/10/31 11:15,13280,13300,13280,13295
2017/10/31 11:30,13295,13320,13285,13290
2017/10/31 13:30,13280,13285,13270,13275
2017/10/31 13:45,13270,13325,13270,13285
2017/10/31 14:00,13285,13310,13285,13290
2017/10/31 14:15,13290,13300,13250,13260
2017/10/31 14:30,13260,13275,13240,13265
2017/10/31 14:45,13265,13310,13245,13295
2017/10/31 15:00,13295,13305,13255,13260
2017/10/31 21:00,13285,13320,13285,13295
2017/10/31 21:15,13295,13425,13280,13360
2017/10/31 21:30,13360,13380,13350,13355
2017/10/31 21:45,13355,13365,13310,13315
2017/10/31 22:00,13315,13345,13310,13340
2017/10/31 22:15,13340,13355,13335,13345
2017/10/31 22:30,13350,13360,13310,13320
2017/10/31 22:45,13325,13355,13310,13345
2017/10/31 23:00,13340,13375,13310,13355
2017/11/1 9:00,13365,13390,13360,13385
2017/11/1 9:15,13390,13550,13390,13535
2017/11/1 9:30,13540,13685,13540,13605
2017/11/1 9:45,13605,13640,13585,13625
2017/11/1 10:00,13630,13825,13615,13820
2017/11/1 10:15,13825,13825,13665,13695
2017/11/1 10:30,13690,13710,13690,13690
2017/11/1 10:45,13690,13725,13685,13710
2017/11/1 11:00,13710,13730,13685,13715
2017/11/1 11:15,13715,13720,13670,13705
2017/11/1 11:30,13705,13730,13630,13650
2017/11/1 13:30,13655,13665,13645,13650
2017/11/1 13:45,13645,13655,13585,13620
2017/11/1 14:00,13620,13660,13610,13650
2017/11/1 14:15,13650,13685,13645,13665
2017/11/1 14:30,13665,13670,13620,13640
2017/11/1 14:45,13640,13655,13575,13595
2017/11/1 15:00,13595,13610,13560,13595
2017/11/1 21:00,13575,13585,13560,13585
2017/11/1 21:15,13580,13600,13520,13585
2017/11/1 21:30,13585,13590,13555,13590
2017/11/1 21:45,13585,13615,13580,13585
2017/11/1 22:00,13585,13605,13575,13600
2017/11/1 22:15,13595,13630,13575,13625
2017/11/1 22:30,13620,13650,13610,13615
2017/11/1 22:45,13610,13650,13590,13640
2017/11/1 23:00,13640,13705,13630,13685
2017/11/2 9:00,13735,13795,13735,13755
2017/11/2 9:15,13755,13845,13690,13755
2017/11/2 9:30,13755,13760,13705,13720
2017/11/2 9:45,13720,13755,13705,13745
2017/11/2 10:00,13745,13755,13705,13725
2017/11/2 10:15,13725,13735,13710,13730
2017/11/2 10:30,13735,13735,13720,13720
2017/11/2 10:45,13720,13745,13705,13725
2017/11/2 11:00,13720,13750,13715,13750
2017/11/2 11:15,13750,13775,13725,13740
2017/11/2 11:30,13740,13820,13735,13795
2017/11/2 13:30,13790,13800,13725,13725
2017/11/2 13:45,13725,13785,13720,13760
2017/11/2 14:00,13755,13905,13745,13805
2017/11/2 14:15,13800,13805,13760,13770
2017/11/2 14:30,13775,13775,13680,13710
2017/11/2 14:45,13705,13745,13700,13740
2017/11/2 15:00,13740,13790,13730,13785
2017/11/2 21:00,13745,13760,13735,13750
2017/11/2 21:15,13755,13800,13740,13765
2017/11/2 21:30,13760,13815,13760,13790
2017/11/2 21:45,13790,13795,13740,13745
2017/11/2 22:00,13745,13780,13745,13755
2017/11/2 22:15,13755,13785,13750,13770
2017/11/2 22:30,13775,13790,13755,13755
2017/11/2 22:45,13755,13775,13755,13760
2017/11/2 23:00,13760,13810,13750,13760
2017/11/3 9:00,13770,13790,13765,13780
2017/11/3 9:15,13780,13805,13720,13745
2017/11/3 9:30,13745,13745,13660,13675
2017/11/3 9:45,13670,13695,13650,13680
2017/11/3 10:00,13675,13695,13670,13680
2017/11/3 10:15,13680,13710,13675,13710
2017/11/3 10:30,13710,13720,13710,13720
2017/11/3 10:45,13720,13725,13700,13705
2017/11/3 11:00,13710,13710,13685,13700
2017/11/3 11:15,13695,13715,13690,13715
2017/11/3 11:30,13715,13720,13690,13695
2017/11/3 13:30,13695,13695,13680,13685
2017/11/3 13:45,13685,13690,13615,13630
2017/11/3 14:00,13635,13685,13595,13665
2017/11/3 14:15,13665,13670,13625,13645
2017/11/3 14:30,13645,13665,13640,13645
2017/11/3 14:45,13645,13680,13640,13665
2017/11/3 15:00,13660,13695,13655,13690
2017/11/3 21:00,13670,13690,13660,13660
2017/11/3 21:15,13660,13705,13650,13695
2017/11/3 21:30,13695,13720,13695,13700
2017/11/3 21:45,13695,13745,13690,13740
2017/11/3 22:00,13740,13740,13700,13740
2017/11/3 22:15,13740,13760,13715,13730
2017/11/3 22:30,13730,13735,13715,13720
2017/11/3 22:45,13720,13725,13675,13700
2017/11/3 23:00,13700,13735,13685,13730
2017/11/6 9:00,13740,13815,13740,13795
2017/11/6 9:15,13800,14070,13780,14045
2017/11/6 9:30,14045,14090,13985,14035
2017/11/6 9:45,14040,14105,14030,14080
2017/11/6 10:00,14085,14110,14060,14105
2017/11/6 10:15,14105,14110,14065,14080
2017/11/6 10:30,14080,14080,14070,14075
2017/11/6 10:45,14080,14080,14025,14050
2017/11/6 11:00,14050,14075,14030,14060
2017/11/6 11:15,14065,14125,14055,14085
2017/11/6 11:30,14085,14120,14080,14120
2017/11/6 13:30,14125,14135,14110,14115
2017/11/6 13:45,14115,14115,14070,14080
2017/11/6 14:00,14080,14110,14060,14100
2017/11/6 14:15,14100,14130,14080,14105
2017/11/6 14:30,14105,14185,14095,14185
2017/11/6 14:45,14185,14225,14145,14225
2017/11/6 15:00,14220,14235,14125,14135
2017/11/6 21:00,14130,14130,14035,14105
2017/11/6 21:15,14105,14170,14095,14145
2017/11/6 21:30,14145,14160,14130,14140
2017/11/6 21:45,14140,14185,14135,14180
2017/11/6 22:00,14180,14195,14155,14165
2017/11/6 22:15,14160,14170,14135,14165
2017/11/6 22:30,14170,14175,14145,14160
2017/11/6 22:45,14160,14180,14150,14170
2017/11/6 23:00,14165,14170,14090,14105
2017/11/7 9:00,14150,14175,14140,14160
2017/11/7 9:15,14160,14205,14140,14165
2017/11/7 9:30,14165,14165,14105,14130
2017/11/7 9:45,14125,14135,14085,14095
2017/11/7 10:00,14100,14125,14090,14110
2017/11/7 10:14,14105,14120,14085,14105
2017/11/7 10:30,14105,14110,14105,14105
2017/11/7 10:45,14110,14115,14075,14110
2017/11/7 11:00,14105,14110,14075,14085
2017/11/7 11:15,14080,14085,14040,14060
2017/11/7 11:30,14055,14060,13940,13960
2017/11/7 13:30,13960,13970,13945,13960
2017/11/7 13:45,13960,13990,13860,13870
2017/11/7 14:00,13875,13920,13865,13920
2017/11/7 14:15,13920,13935,13905,13925
2017/11/7 14:30,13925,13965,13915,13950
2017/11/7 14:45,13955,13980,13945,13970
2017/11/7 15:00,13965,14015,13950,13990
2017/11/7 21:00,13940,13960,13935,13940
2017/11/7 21:15,13935,13965,13910,13930
2017/11/7 21:30,13930,13960,13915,13920
2017/11/7 21:45,13920,13950,13920,13945
2017/11/7 22:00,13945,13950,13840,13910
2017/11/7 22:15,13910,13910,13875,13885
2017/11/7 22:30,13890,13905,13870,13875
2017/11/7 22:45,13880,13940,13870,13925
2017/11/7 23:00,13920,13930,13900,13915
2017/11/8 9:00,13885,13900,13880,13900
2017/11/8 9:15,13895,13925,13830,13875
2017/11/8 9:30,13875,13905,13865,13875
2017/11/8 9:45,13875,13920,13855,13900
2017/11/8 10:00,13900,13930,13895,13915
2017/11/8 10:15,13910,13980,13910,13970
2017/11/8 10:30,13965,13975,13965,13970
2017/11/8 10:45,13975,13990,13950,13980
2017/11/8 11:00,13980,14005,13955,13960
2017/11/8 11:15,13965,13970,13935,13955
2017/11/8 11:30,13955,13975,13930,13970
2017/11/8 13:30,13970,14010,13965,14005
2017/11/8 13:45,14005,14010,13935,13965
2017/11/8 14:00,13965,14010,13950,13960
2017/11/8 14:15,13965,13975,13895,13905
2017/11/8 14:30,13905,13935,13895,13920
2017/11/8 14:45,13915,13940,13900,13925
2017/11/8 15:00,13925,13935,13765,13820
2017/11/8 21:00,13840,13850,13830,13840
2017/11/8 21:15,13840,13850,13810,13845
2017/11/8 21:30,13840,13875,13840,13855
2017/11/8 21:45,13860,13890,13845,13880
2017/11/8 22:00,13875,13885,13850,13860
2017/11/8 22:15,13860,13890,13855,13880
2017/11/8 22:30,13880,13970,13875,13940
2017/11/8 22:45,13940,13955,13925,13930
2017/11/8 23:00,13930,14030,13925,14010
2017/11/9 9:00,14010,14010,13975,13995
2017/11/9 9:15,14000,14120,13985,14105
2017/11/9 9:30,14105,14130,14075,14110
2017/11/9 9:45,14110,14115,14080,14090
2017/11/9 10:00,14090,14095,14055,14080
2017/11/9 10:15,14080,14095,14040,14085
2017/11/9 10:30,14080,14085,14075,14080
2017/11/9 10:45,14080,14150,14075,14115
2017/11/9 11:00,14120,14120,13965,13990
2017/11/9 11:15,13985,13995,13880,13915
2017/11/9 11:30,13915,13930,13830,13840
2017/11/9 13:30,13815,13840,13800,13840
2017/11/9 13:45,13835,13870,13785,13865
2017/11/9 14:00,13865,13885,13825,13860
2017/11/9 14:15,13865,13870,13815,13835
2017/11/9 14:30,13830,13860,13725,13755
2017/11/9 14:45,13755,13805,13750,13795
2017/11/9 15:00,13800,13825,13760,13805
2017/11/9 21:00,13760,13790,13755,13785
2017/11/9 21:15,13785,13865,13775,13845
2017/11/9 21:30,13840,13875,13840,13870
2017/11/9 21:45,13865,13870,13830,13830
2017/11/9 22:00,13835,13850,13780,13840
2017/11/9 22:15,13845,13860,13815,13825
2017/11/9 22:30,13825,13865,13820,13830
2017/11/9 22:45,13825,13920,13810,13890
2017/11/9 23:00,13885,13905,13845,13880
2017/11/10 9:00,13880,13895,13870,13870
2017/11/10 9:15,13875,13945,13855,13925
2017/11/10 9:30,13930,13945,13900,13915
2017/11/10 9:45,13915,13920,13815,13840
2017/11/10 10:00,13835,13885,13820,13870
2017/11/10 10:14,13870,13875,13830,13870
2017/11/10 10:30,13865,13875,13860,13865
2017/11/10 10:45,13865,13875,13830,13845
2017/11/10 11:00,13845,13870,13800,13870
2017/11/10 11:15,13870,13895,13835,13880
2017/11/10 11:30,13880,13885,13845,13885
2017/11/10 13:30,13880,13920,13875,13915
2017/11/10 13:45,13910,13920,13880,13910
2017/11/10 14:00,13910,13915,13865,13870
2017/11/10 14:15,13875,13880,13850,13850
2017/11/10 14:30,13850,13885,13830,13875
2017/11/10 14:45,13875,13895,13845,13855
2017/11/10 15:00,13855,13870,13820,13855
2017/11/10 21:00,13865,13890,13865,13875
2017/11/10 21:15,13880,14035,13840,13895
2017/11/10 21:30,13900,13905,13875,13890
2017/11/10 21:45,13885,13915,13830,13875
2017/11/10 22:00,13875,13885,13855,13860
2017/11/10 22:15,13860,13875,13760,13815
2017/11/10 22:30,13820,13880,13810,13855
2017/11/10 22:45,13850,13870,13830,13865
2017/11/10 23:00,13860,13875,13850,13860
2017/11/13 9:00,13860,13865,13815,13835
2017/11/13 9:15,13845,13960,13835,13950
2017/11/13 9:30,13950,13995,13920,13955
2017/11/13 9:45,13960,14100,13945,14045
2017/11/13 10:00,14050,14170,14040,14115
2017/11/13 10:15,14110,14210,14105,14150
2017/11/13 10:30,14150,14160,14150,14150
2017/11/13 10:45,14155,14180,14120,14155
2017/11/13 11:00,14155,14175,14140,14165
2017/11/13 11:15,14165,14250,14155,14205
2017/11/13 11:30,14200,14205,14145,14170
2017/11/13 13:30,14170,14170,14150,14155
2017/11/13 13:45,14150,14155,14075,14100
2017/11/13 14:00,14095,14125,14095,14115
2017/11/13 14:15,14115,14130,14075,14120
2017/11/13 14:30,14125,14160,14115,14145
2017/11/13 14:45,14140,14180,14140,14165
2017/11/13 15:00,14165,14170,14105,14155
2017/11/13 21:00,14120,14145,14095,14145
2017/11/13 21:15,14140,14155,14080,14105
2017/11/13 21:30,14100,14165,14100,14145
2017/11/13 21:45,14145,14190,14135,14175
2017/11/13 22:00,14180,14280,14165,14225
2017/11/13 22:15,14225,14260,14210,14230
2017/11/13 22:30,14230,14275,14225,14250
2017/11/13 22:45,14245,14250,14210,14225
2017/11/13 23:00,14230,14295,14225,14260
2017/11/14 9:00,14270,14270,14220,14230
2017/11/14 9:15,14230,14230,14095,14160
2017/11/14 9:30,14160,14160,14090,14120
2017/11/14 9:45,14115,14140,14110,14125
2017/11/14 10:00,14120,14165,14120,14125
2017/11/14 10:15,14125,14135,14060,14115
2017/11/14 10:30,14115,14130,14110,14120
2017/11/14 10:45,14120,14130,14085,14090
2017/11/14 11:00,14090,14115,14070,14110
2017/11/14 11:15,14105,14145,14105,14135
2017/11/14 11:30,14140,14145,14110,14140
2017/11/14 13:30,14145,14155,14145,14155
2017/11/14 13:45,14155,14185,14145,14165
2017/11/14 14:00,14165,14170,14120,14130
2017/11/14 14:15,14135,14140,14100,14115
2017/11/14 14:30,14110,14135,14100,14120
2017/11/14 14:45,14120,14135,14090,14100
2017/11/14 15:00,14100,14115,14085,14105
2017/11/14 21:00,14105,14135,14105,14125
2017/11/14 21:15,14125,14145,14100,14135
2017/11/14 21:30,14135,14175,14130,14165
2017/11/14 21:45,14170,14170,14135,14155
2017/11/14 22:00,14155,14160,14120,14135
2017/11/14 22:15,14135,14150,14120,14130
2017/11/14 22:30,14130,14160,14125,14160
2017/11/14 22:45,14160,14160,13925,13945
2017/11/14 23:00,13945,13985,13380,13420
2017/11/15 9:00,13430,13430,13365,13410
2017/11/15 9:15,13405,13480,13405,13410
2017/11/15 9:30,13415,13430,13220,13260
2017/11/15 9:45,13260,13325,13230,13285
2017/11/15 10:00,13285,13375,13275,13305
2017/11/15 10:15,13305,13350,13295,13335
2017/11/15 10:30,13330,13340,13330,13330
2017/11/15 10:45,13335,13360,13320,13330
2017/11/15 11:00,13335,13350,13300,13310
2017/11/15 11:15,13310,13350,13280,13325
2017/11/15 11:30,13325,13335,13285,13310
2017/11/15 13:30,13320,13335,13305,13330
2017/11/15 13:45,13325,13370,13310,13340
2017/11/15 14:00,13340,13345,13290,13330
2017/11/15 14:15,13330,13350,13315,13315
2017/11/15 14:30,13320,13335,13270,13320
2017/11/15 14:45,13320,13330,13265,13275
2017/11/15 15:00,13280,13335,13245,13270
2017/11/15 21:00,13285,13415,13285,13355
2017/11/15 21:15,13355,13365,13310,13315
2017/11/15 21:30,13315,13370,13315,13340
2017/11/15 21:45,13335,13350,13325,13340
2017/11/15 22:00,13345,13360,13320,13330
2017/11/15 22:15,13335,13380,13275,13350
2017/11/15 22:30,13350,13380,13335,13340
2017/11/15 22:45,13335,13350,13300,13335
2017/11/15 23:00,13335,13340,13310,13340
2017/11/16 9:00,13345,13365,13340,13355
2017/11/16 9:15,13355,13370,13330,13350
2017/11/16 9:30,13350,13380,13340,13360
2017/11/16 9:45,13355,13370,13320,13330
2017/11/16 10:00,13335,13345,13310,13330
2017/11/16 10:14,13330,13355,13325,13345
2017/11/16 10:30,13345,13345,13335,13335
2017/11/16 10:45,13335,13340,13325,13330
2017/11/16 11:00,13330,13335,13260,13315
2017/11/16 11:15,13315,13325,13285,13300
2017/11/16 11:30,13305,13330,13250,13310
2017/11/16 13:30,13300,13310,13290,13290
2017/11/16 13:45,13295,13315,13220,13290
2017/11/16 14:00,13295,13300,13265,13270
2017/11/16 14:15,13275,13305,13270,13300
2017/11/16 14:30,13295,13300,13255,13275
2017/11/16 14:45,13280,13285,13255,13270
2017/11/16 15:00,13275,13275,13195,13270
2017/11/16 21:00,13325,13375,13325,13335
2017/11/16 21:15,13330,13360,13315,13345
2017/11/16 21:30,13345,13355,13330,13335
2017/11/16 21:45,13340,13345,13320,13335
2017/11/16 22:00,13330,13345,13315,13345
2017/11/16 22:15,13340,13355,13330,13335
2017/11/16 22:30,13340,13350,13330,13335
2017/11/16 22:45,13335,13340,13295,13295
2017/11/16 22:59,13300,13330,13285,13325
2017/11/17 9:00,13320,13320,13300,13315
2017/11/17 9:15,13310,13320,13280,13300
2017/11/17 9:30,13300,13300,13265,13290
2017/11/17 9:45,13290,13305,13285,13295
2017/11/17 10:00,13295,13305,13250,13280
2017/11/17 10:14,13280,13330,13275,13325
2017/11/17 10:30,13320,13345,13320,13335
2017/11/17 10:45,13335,13400,13335,13375
2017/11/17 11:00,13375,13375,13335,13345
2017/11/17 11:15,13345,13355,13275,13300
2017/11/17 11:30,13300,13355,13280,13350
2017/11/17 13:30,13340,13350,13335,13345
2017/11/17 13:45,13340,13350,13325,13330
2017/11/17 14:00,13325,13335,13300,13305
2017/11/17 14:15,13305,13320,13285,13310
2017/11/17 14:30,13310,13330,13300,13325
2017/11/17 14:45,13325,13340,13290,13300
2017/11/17 15:00,13300,13305,13265,13295
2017/11/17 21:00,13315,13325,13290,13315
2017/11/17 21:15,13310,13330,13205,13300
2017/11/17 21:30,13300,13305,13260,13290
2017/11/17 21:45,13295,13300,13235,13260
2017/11/17 22:00,13255,13275,13235,13270
2017/11/17 22:15,13265,13325,13265,13310
2017/11/17 22:30,13310,13320,13290,13305
2017/11/17 22:45,13305,13340,13295,13320
2017/11/17 23:00,13320,13330,13305,13315
2017/11/20 9:00,13325,13345,13320,13340
2017/11/20 9:15,13340,13445,13340,13370
2017/11/20 9:30,13365,13370,13320,13320
2017/11/20 9:45,13320,13320,13270,13290
2017/11/20 10:00,13295,13305,13280,13300
2017/11/20 10:15,13300,13315,13290,13315
2017/11/20 10:30,13305,13320,13300,13315
2017/11/20 10:45,13320,13320,13280,13295
2017/11/20 11:00,13300,13340,13290,13320
2017/11/20 11:15,13320,13325,13295,13305
2017/11/20 11:30,13305,13350,13300,13340
2017/11/20 13:30,13340,13350,13320,13320
2017/11/20 13:45,13325,13350,13320,13340
2017/11/20 14:00,13335,13370,13330,13340
2017/11/20 14:15,13345,13360,13330,13345
2017/11/20 14:30,13350,13360,13320,13345
2017/11/20 14:45,13350,13370,13330,13345
2017/11/20 15:00,13350,13395,13340,13385
2017/11/20 21:00,13400,13400,13370,13385
2017/11/20 21:15,13385,13390,13360,13365
2017/11/20 21:30,13360,13365,13340,13340
2017/11/20 21:45,13345,13375,13345,13370
2017/11/20 22:00,13370,13375,12865,12900
2017/11/20 22:15,12900,13185,12890,13125
2017/11/20 22:30,13125,13260,13125,13220
2017/11/20 22:45,13220,13285,13210,13260
2017/11/20 23:00,13265,13360,13260,13295
2017/11/21 9:00,13295,13320,13285,13300
2017/11/21 9:15,13300,13345,13295,13300
2017/11/21 9:30,13300,13330,13295,13320
2017/11/21 9:45,13320,13340,13315,13325
2017/11/21 10:00,13325,13335,13300,13330
2017/11/21 10:15,13325,13335,13310,13315
2017/11/21 10:30,13305,13315,13305,13315
2017/11/21 10:45,13315,13330,13250,13295
2017/11/21 11:00,13300,13300,13265,13285
2017/11/21 11:15,13285,13285,13220,13250
2017/11/21 11:30,13250,13295,13220,13275
2017/11/21 13:30,13260,13275,13260,13270
2017/11/21 13:45,13265,13290,13240,13280
2017/11/21 14:00,13280,13460,13275,13350
2017/11/21 14:15,13350,13370,13315,13345
2017/11/21 14:30,13345,13365,13335,13350
2017/11/21 14:45,13350,13355,13320,13335
2017/11/21 15:00,13335,13360,13300,13335
2017/11/21 21:00,13365,13395,13365,13370
2017/11/21 21:15,13375,13410,13350,13375
2017/11/21 21:30,13375,13395,13350,13370
2017/11/21 21:45,13370,13375,13325,13355
2017/11/21 22:00,13355,13380,13335,13335
2017/11/21 22:15,13340,13365,13300,13355
2017/11/21 22:30,13355,13370,13340,13355
2017/11/21 22:45,13355,13360,13340,13355
2017/11/21 23:00,13355,13380,13350,13360
2017/11/22 9:00,13365,13400,13365,13395
2017/11/22 9:15,13395,13430,13390,13390
2017/11/22 9:30,13395,13425,13380,13390
2017/11/22 9:45,13385,13455,13385,13420
2017/11/22 10:00,13420,13435,13380,13400
2017/11/22 10:15,13400,13405,13350,13360
2017/11/22 10:30,13360,13365,13355,13355
2017/11/22 10:45,13350,13365,13275,13335
2017/11/22 11:00,13335,13350,13305,13345
2017/11/22 11:15,13350,13380,13325,13365
2017/11/22 11:29,13360,13375,13350,13360
2017/11/22 13:30,13360,13370,13355,13355
2017/11/22 13:45,13360,13365,13340,13350
2017/11/22 14:00,13350,13370,13335,13355
2017/11/22 14:15,13355,13365,13335,13345
2017/11/22 14:30,13345,13375,13340,13365
2017/11/22 14:45,13365,13405,13365,13390
2017/11/22 15:00,13390,13405,13375,13390
2017/11/22 21:00,13420,13420,13395,13405
2017/11/22 21:15,13400,13415,13365,13390
2017/11/22 21:30,13395,13580,13385,13565
2017/11/22 21:45,13570,13615,13550,13600
2017/11/22 22:00,13600,13775,13600,13725
2017/11/22 22:15,13720,13730,13675,13710
2017/11/22 22:30,13715,13790,13695,13765
2017/11/22 22:45,13765,13800,13730,13770
2017/11/22 23:00,13765,13785,13725,13765
2017/11/23 9:00,13765,13765,13750,13765
2017/11/23 9:15,13765,13780,13720,13730
2017/11/23 9:30,13730,13800,13725,13765
2017/11/23 9:45,13765,13825,13760,13790
2017/11/23 10:00,13785,13820,13770,13780
2017/11/23 10:14,13780,13785,13710,13740
2017/11/23 10:30,13740,13755,13740,13750
2017/11/23 10:45,13750,13775,13740,13765
2017/11/23 11:00,13770,13785,13755,13770
2017/11/23 11:15,13770,13780,13740,13745
2017/11/23 11:30,13745,13780,13720,13765
2017/11/23 13:30,13770,13770,13745,13745
2017/11/23 13:45,13745,13745,13690,13725
2017/11/23 14:00,13725,13735,13710,13720
2017/11/23 14:15,13725,13755,13720,13740
2017/11/23 14:30,13740,13755,13725,13745
2017/11/23 14:45,13740,13750,13705,13705
2017/11/23 15:00,13700,13730,13620,13725
2017/11/23 21:00,13725,13730,13705,13720
2017/11/23 21:15,13710,13725,13655,13690
2017/11/23 21:30,13690,13795,13690,13795
2017/11/23 21:45,13795,13850,13690,13740
2017/11/23 22:00,13740,13770,13730,13765
2017/11/23 22:15,13765,13785,13745,13780
2017/11/23 22:30,13780,13785,13740,13770
2017/11/23 22:45,13770,13815,13770,13780
2017/11/23 23:00,13780,13795,13750,13760
2017/11/24 9:00,13760,13815,13760,13815
2017/11/24 9:15,13815,13895,13815,13855
2017/11/24 9:30,13850,13865,13825,13840
2017/11/24 9:45,13840,13850,13820,13835
2017/11/24 10:00,13835,13860,13830,13860
2017/11/24 10:15,13865,13885,13840,13870
2017/11/24 10:30,13875,13880,13860,13860
2017/11/24 10:45,13860,13915,13685,13790
2017/11/24 11:00,13785,13815,13785,13805
2017/11/24 11:15,13805,13815,13785,13795
2017/11/24 11:30,13795,13850,13775,13845
2017/11/24 13:30,13845,13855,13835,13850
2017/11/24 13:45,13850,13865,13830,13855
2017/11/24 14:00,13855,13860,13835,13850
2017/11/24 14:15,13850,13875,13835,13870
2017/11/24 14:30,13870,13870,13825,13860
2017/11/24 14:45,13860,13870,13835,13850
2017/11/24 15:00,13850,13860,13825,13845
2017/11/24 21:00,13850,13885,13825,13885
2017/11/24 21:15,13880,13940,13785,13825
2017/11/24 21:30,13825,13850,13810,13835
2017/11/24 21:45,13835,13850,13810,13820
2017/11/24 22:00,13820,13830,13800,13820
2017/11/24 22:15,13820,13820,13730,13805
2017/11/24 22:30,13805,13810,13750,13780
2017/11/24 22:45,13775,13805,13775,13795
2017/11/24 23:00,13795,13800,13755,13770
